文本,标签
商业秘密 秘密性 维系 商业价值 垄断 地位 前提条件 ,0
南口 阿玛施 新春 第一批 限量 春装 店 春暖花开 淑女 裙冰 蓝色 公主 衫 气质 粉小 西装 冰丝 女王 长半裙 皇 ,1
带给 常州 一场 壮观 视觉 盛宴 ,0
原因 不明 泌尿系统 结石 ,0
年 盐城 拉回来 麻麻 嫁妆 ,0
感到 减肥 跳 减肥 健美操 ,0
感谢 致电 杭州 萧山 全金 釜 韩国 烧烤店 本店 位于 金城 路 号 韩式 烧烤 价格 实惠 欢迎惠顾 全金 釜 韩国 烧烤店 ,1
款 智能 杀菌 机器人 扫地机 最佳 伴侣 ,0
一次 价值 元 王牌 项目 充值 元店 项目 卡 一张 参与 动好 生活 百分百 抽奖 机会 一次 预约 电话 ,1
此类 皮肤 特别 容易 招惹 粉刺 黑头 ,0
乌兰察布 丰镇市 法院 成立 爱心 救助 基金 ,0
长期 诚信 本市 作 各类 资格 职称 印章 牌等祥 李伟 ,1
依林 美容 三八 女人 节 倾情 大放送 活动 超值 套餐 等你拿 活动 时间 月 日 一月 日 详情 进店 咨询 美丽 热线 ,1
品牌 墙 文化 墙 设计 参考 ,0
苏州 无锡 两地 警方 成功 破获 一起 劫持 女 车主 案件 ,0
自然 之友 苏州 小组 今日 下午 按原 计划 举办 小组 读书 活动 暨 城市 量体温 启动 仪式 ,0
共 查扣 违法 三轮车 辆 残疾证 ,0
扬州 公司 工作人员 正在 扬州 瓜洲镇 境内 ,0
愿意 今天 调研 团 小伙伴 来到 丁莲芳 生产 基地 ,0
职业 简单 枯燥 重复 ,0
红 百货 楼 婷美 专柜 节 活动 火热 进行 中 一年 仅 一次 最大 活动 力度 充值 送充 送 送 送 送 送 时间 日 欢迎 美女 前来 选购 ,1
有效 服务 保障 一带 一路 建设 顺利 实施 ,0
音箱 手鼓 观光 园跑 ,0
您好 渤海 银行 双节 理财 天 收益 五万 三月 十号 起息 只能 柜台 购买 数量 有限 欲购从速 渤海 银行 祁 新星 ,1
一层楼 多个 姓 知道 鬼 随便 抓 两个 字母 姓 ,0
南京 暴雨 四川 享受 完美 阳光 ,0
泛亚 亿 资金 抽离 挪用 ,0
前 几天 已经 举报 官博 逼死 同人 ,0
每天晚上 手机 不断 刷 微博 朋友圈 愿意 早早 睡觉 病得治 ,0
军工 改革 长春 一东 军工 改革 体育 际华 集团 两市 精神 图腾 次新股 龙头 光力 科技 高送 转 次新股 浙江 金科 次新股 猪肉 仙坛 股份 ,0
保卫 强奸 全家 权利 ,0
美职篮 自由 球员 谈判 期 日 开启 ,0
天天 蓝猫 飞机 敌法 海象 ,0
移动 登录 领取 积分 ,0
晶体 全净 无暇 颜色 漂亮 ,0
最好 距离 公里 之间 ,0
拦着 买 腾讯 好莱坞 会员 ,0
意味着 用户 浏览器 默认 搜索引擎 设置 ,0
服务 形式 提供 ,0
有图 真相 ,0
走 一个半 地铁站 距离 ,0
碧池 放开 爹 手机 不要脸 ,0
徐州 彭祖 园 动物园 闭园 升级 改造 公告 ,0
大姑娘 一点一点 成熟 坚强 更要 勇敢 面对 坏 ,0
南靖 消防 公安 武警 部门 先后 赶到 现场 ,0
总结 几个 具体 癌种 饮酒 关系 ,0
万科 物业管理 人员 敲门 ,0
先 百度 一下 人工 剥离 胎盘 过程 恐怖 ,0
事情 重要 程度 安排 时间 用天 养成 想要 习惯 ,0
以考 完买部 一加二为 目标 撑 高考 结束 ,0
现在 网吧 电脑 升级 环境 更好 ,0
实拍 香港 男子 地铁 大骂 内地 母女 ,0
尊敬 贵宾 您好 金桥 足道 月 日 正常 营业 年 邢 博士 强强 联手 更新 大批 技师 团队 形象 气质佳 手法 一流 包 满意 电话 ,1
希望 懂 我视 珍宝 不容 欺 不容 被辱 世间 不公 恶意 相向 终将 凤凰 洗尽 污秽 涅槃 重生 闪耀 世间 ,0
应该 采用 城管 版 银行 版 ,0
奉贤 法院 公开 开庭审理 一起 索要 分手 费而 引发 刑案 ,0
妈妈 耐心 拿给 放歌 玩耍 ,0
挺 愿意 继续 下去 色 晚上 ,0
月 日 吃 熟食 钱 当天 淘 点点 吃 返 最高 返元 红包 留夫 鸭 巨峰 路 欢迎 选购 外送 地址 巨峰 路 ,1
日本 设计 充分体现 折叠 种种 优点 ,0
丝宇 名妆 国际 美业 顺城店 庆祝 三八妇女节 暨 月 日 消费者 权益日 回馈 老 顾客 优惠活动 内容 充值 优惠活动 充值 送 ,1
张喜 医疗纠纷 胜诉 中 看到 ,0
杭州 千岛湖 似乎 商业化 浓 点 ,0
腾讯 网易 国内 互联网 产品 做 比较 精致 公司 ,0
做 三 抢 渣 男 哈哈哈哈 哈哈哈 哈哈哈 ,0
那句话 推荐 服用 东西 具体 心得体会 看长 微博 ,0
一早 飞机 京都 游魂 三天 无聊 会议 ,0
刚刚 用以 英里 速度 跑 ,0
现在 推荐 顶级 文件 重 工具 ,0
招远 政府部门 这种 生态环境 看待 ,0
三百 朵 新鲜 玫瑰 压榨 而成 ,0
两位 民警 帮助 找回 遗失 财物 ,0
公司 产品 保证 纯天然 ,0
粉刺 发展 中度 重度 痤疮 ,0
市场营销 管理 类 人才 大型 专场 招聘会 ,0
抵制 旗下 品牌 控股 品牌 ,0
包括 更 高级 ,0
腾讯 视频 ,0
年 下半年 鹤山市 教育 系统 部分 事业单位 公开 招聘 中小学 幼儿园 教师 名 公告 ,0
吸毒 男子 抢劫杀人 抓 受审 时 大笑 称 正常 更 新闻 视频 ,0
好像 姜河 手机 拍 ,0
广东 易凌 信息 科技 有限公司 感谢您 致电 公司 良好 信誉 优质 服务 专业 提供 一站式 无线 营销 推广 服务 电话 忙 时 请 拨打 ,1
车厢 十几个 房产公司 员工 ,0
氪 发布 分析 公司 投资 指数 工具 氪 指数 ,0
一组 布局 错落 建筑群 组成 ,0
张晋 老师 团队 南京 迎接 敬爱 家长 ,0
请 代表 移步 百度网 盘 下载 ,0
中心区 商业 气息 蛮 浓厚 ,0
装修 花费 无底洞 ,0
首届 无锡 风情 夜游 节 年月日 正式 启动 ,0
经营 九家 展览馆 鳞 之家 集团 令人 眼花缭乱 绘画 布景 游客 体验 视觉 错觉 带来 快乐 ,0
打开 百度 主页 看到 地球 人类 逃亡 主义 震撼 港 真 ,0
美军 想 侦查 派 战斗机 护航 ,0
欢迎 致电 创业 置业 发展 有限公司 公司 从事 房地产 开发 二手房 销售 物业管理 欢迎 新 老客户 前来 惠顾 竭诚 为您服务 电话 ,1
美女 浦东 华润 时代广场 恩曼琳 三八妇女节 活动 年春款 折 年秋冬 款折 货品 有限 现已 预售 期待 光临 ,1
巧妙 设计 利用 转角 墙面 设计 两种 样式 收纳 柜 ,0
知道 当前 民间 求助 募捐 是否 管理 规定 政策法规 ,0
图书馆 上网 视频 打不开 查资料 网页 打不开 填 问卷 填 名字 就行 弄虚作假 爱国 情怀 ,0
一个打 没电 换个 手机 继续 ,0
幸福 人大 相同 不幸 不幸 ,0
娃娃 出生 现在 岁 半 一步 离开 ,0
加强 程序化 交易 监管 维护 资本 市场 稳定 ,0
我要 逼 开 电脑 知乎 ,0
专业 投资 机构 评价 标准 远 更 复杂 更 严格 ,0
菊花 台 风景区 雨花台 风景区 相邻 而居 ,0
儿童医院 大夫 应该 更 爱心 ,0
配以 糖 蜂蜜 糖浆 制成 酱汁 ,0
公交车 发现 手机 班上 充电 提前 下车 回来 ,0
卡西欧 男士 太阳能 超薄 双显 腕表 ,0
现在 大连市人民政府 大连市 法院 检察院 公安局 ,0
香溢 花城 开门红 三重 钜 惠闹 新春 内环 绝版 性价比 限时 一口价 平 全能 房仅 万 ,1
浙江 全面 推动 省市 两级 派驻 机构 全 覆盖 ,0
全世界 手机 承包 ,0
微博 公开 推荐 股票 天 获利 袍 ,0
投资 大学生 初 创业 项目 ,0
结婚 找 信奉 单身 主义 意见 ,0
今天上午 球队 新加坡 滨海 湾 金沙 酒店 放松 一下 ,0
孙 校长 坐镇 昨天 啤 跑 活动 ,0
点 附近 一定 支撑 ,0
自营 面膜 任意 两件 ,0
标牌 写 手机 天使 电话号码 ,0
稳健 型 投资者 看少动 良策 ,0
腾讯 科技 华为 终端 内部 渠道 获悉 ,0
视野 想法 成分 ,0
谷歌 火狐 打不开 四个 浏览器 问题 ,0
防晒 用品 应从 春天 使用 ,0
分享 百度 云里 文件 模仿 游戏 ,0
智能 机器人 正帮 客户 提供 最新 理财 信息 火爆 周边 特惠 ,0
我院 执行 二庭 法官 单德瑞 收到 申请人 陈某 一封 表扬信 ,0
终于 ,0
数字 城管 中心 今天 采集 员 上报 道路 积水 案件 进行 梳理 ,0
似乎 侵占 身上 每一寸 肌肤 ,0
分享 ,0
机器人 研发 领域 正 智能化 发展 ,0
亲爱 贵阳 刚到 混血美女 极品 ,1
洗衣机 洗涤 浸过 汽油 衣物 ,0
觉得 找 不到 路 百度 地图 问题 ,0
高三 版 月 日 日 转团 关系 时 提前 发售 ,0
超人 机器人 普通人 需要 充足 睡眠 ,0
输入法 辅助工具 ,0
全新 世嘉元 购车 红包 ,0
尊敬 您好 拜个 晚年 祝您 新年快乐 阆中 雷 迪波尔 春天 百货 月 号 最低 折扣 秋冬 产品 折 机会难得 快 抢购 ,1
地产 家居网 无锡 ,0
月 外资 投资 额度 增 分析 称 提高 股 投资 水平 ,0
浙江省 台州 温岭 松门 灿鸿 台风 过去 天空 ,0
年 二中院 受贿罪 判处死刑 ,0
做 顺风 车 车主 莫名 奇妙 补贴 到位 解释 ,0
登峰造极 异端 审判 法庭 ,0
麦片 西红柿 汁 恢复 晒黑 皮肤 ,0
依靠 刷 手机 眼睛 疲劳 天亮 入睡 ,0
年 抢劫罪 判刑 年 ,0
每天 坐 电脑 面前 守 小说 ,0
使用 方法 每天 早晚 化妆水 护肤 之后 使用 ,0
欧美 风 个性 黑色 流苏 绒面 上衣 ,0
安邦 共 赢 号 投资 型 综合 保险 ,0
传 企业 利用 持续 融资 能力 击败 运营 能力 强于 ,0
全文 始终 一切都是 最好 安排 为主 线 ,0
领导 说 韩国 集团 领导 每天 加完 班 回去 跑 十公里 ,0
原 标题 洛阳 民警 投诉 西安 警方 西安 抓贼 ,0
国家 法律 修改 一下 人渣 判 重刑 ,0
哥 你好 金堤 路 英皇 服饰 联华 二楼 璞秀 女装 现做 大型 特卖会 全场 五折 封顶 活动 刚刚开始 先到 先得 时间 带姐 看看 ,1
一抹 白 坚持 使用 天 永久 白 一个月 肤色 至少 亮 色度 ,0
机器人 更 安全 工作 ,0
一款 拥有 灵活 设计 智能 插 线板 ,0
球星 埃登 阿扎尔 近日 媒体 表示 ,0
淮安 小伙伴 周末 好去处 ,0
周一 周二 追花千骨 无心 法师 ,0
今年 五月 如东 东台 记录 勺 嘴 鹬 数量 去年同期 增加 ,0
咨询电话 ,0
福建省 漳州市 名岁 女生 骑死 飞撞 行车 不幸身亡 ,0
尊上 没变 凡人 重头戏 没上 ,0
装修 中 极 简便 空间 简洁 ,0
南京市 失业 保险金 最低标准 元月 调整 元月 ,0
曹宁校 医生 南京 门诊 每周 限号 ,0
产品 市场 表现 越发 疲软 ,0
不明真相 萌萌 哒 吃 瓜 群众 ,0
天使 投资 机构 合夥人 分析 管理者 心里 抗拒 解雇 员工 原因 ,0
壶 手机 复活 单身 狗 ,0
拿到 钥匙 再也不会 理 置业 顾问 ,0
警察 车 撞死 愿意 ,0
架飞机 代价 击毁 日 机架 ,0
扬州 文心 空手道 发了 爸爸 吃 搭 饭 帖子 ,0
韩国 著名 柠檬 排毒 祛 黄亮 白 按摩 霜 按摩 膏 ,0
官方 旗舰店 打折 知道 仓库 苏州 吴江 然 卵 自提 ,0
基金 选择 更 有效率 民企 合作 ,0
吃喝嫖赌 贪污腐败 糜烂 千万 ,0
装修 细节 真是 喜欢 我家 ,0
豪美 装饰 年 最新 活动 工程 总款 返还 地址 建华 大街 中山路 交叉口 东行 米 钻石 广场 座室 电话 ,1
投资 机会 集中 微观 结构 此轮 调整 中 出现 明显改善 品种 ,0
港版 原封 金色 仅 需 ,0
亲金汕 教育 春季班 月 号 陆续 开班 报名 热线 直接 回复 需要 补习 年级 科目 联系 ,1
徐州 市区 条 主干道 违停 罚款 元 记分 ,0
重新 审视 展览 出版 中国 西方 交流 文化 始端 ,0
家长 您好 旗帜 数学 提高 学生 成绩 宗旨 新学期 开课 招生 电话 地址 五完 小西 十 ,1
昆山 爆炸 铝粉 燃爆 军用 级 威力 ,0
电脑 系统 自带 游戏 扫雷 ,0
西安市 中 郭 老师 苏 校长 说 问题 中 重点班 ,0
虎子 一脸 悲 催 遇到 股票 上涨 ,0
纠纷 发生 前 已然 存在 客观事实 ,0
学海 教育 个性化 教育 第一 品牌 一线 教师 学生 学习 情况 制订 适合 教学 方案 查漏 补缺 电话 ,1
声音 听 看到 萌萌 轩轩 诺 下次 一集 回 重庆 开森 ,0
考虑 重置 下上 前 几部 ,0
享有 世界 众筹节 发起人 权益 ,0
盐城市 建湖县 九龙 口 通用 机场 开工 建设 ,0
感谢 致电 长沙 张斌 智能 科技 有限公司 迪 非凡 提供 车位锁 车轮锁 承接 交通设施 地下 停车场 施工 安装 厂家直销 地址 红星 安置 区区 ,1
美白丸 主要 功效 促进 肝脏 排毒 抗氧化 自由基 清除剂 ,0
害怕 走 腾讯 云 更新 舰娘 缓存 似乎 主意 更新 速度 确实 很快 ,0
不到 小时 犯罪 嫌疑人 赵 抓获归案 ,0
盗墓 笔记 为啥 看到 第七集 心 痒痒 哪位 好心人 知道 百度 云盘 链接 ,0
摸 一下 提神醒脑 抓 一下 神魂颠倒 滚 一圈 这辈子 完鸟 ,0
说 做股票 尊重 大盘 ,0
感谢您 使用 短信 营业厅 获得 短厅 装 宽带 送 无线 路由器 资格 现 新装 宽带 仅 需元 最高 达 立即 回复 预约 登记 广东电信 ,1
沈宇 工商银行 ,1
七月 总结 操作 只股 买入 额万 ,0
今天 某前 同事 简历 决定 再也 相信 简历 这种 东西 感觉 看到 厚颜无耻 ,0
痛到 极致 明白 伤口 愈合 找 医生 冲洗 消毒 乖乖 每天 敷药 炎症 始终 蔓延 更大 病情 找虐 ,0
浙江 正大 拆 基督教 十字架 ,0
了解 熟悉 电梯 结构 安全 保护装置 ,0
名 坦克 仿真器 乘员 驾驶 仿真器 穿越 令人 惊讶 虚拟世界 诺克斯 堡 户外 战场 ,0
使用 邀请 码 下载 登录 浙江 移动 手机 营业厅 ,0
声音 神秘 学院 现身 屋顶 音乐会 ,0
顾客 你好 永辉 超市 雅士利 奶粉 做 活动 折 时间 月 号 号 需要 请到 永辉 超市 ,1
老板 元旦节 快乐 现在 淘汰 母猪 漂亮 元 一斤 公猪 元 一斤 需要 苹 联系 殷水良 谢谢 祝您 六畜兴旺 ,1
次 新 军工 和央企 改革 三大 主流 题材 冲高 回落 分化 严重 ,0
反腐 漫画 廉正 漫画 人民公仆 ,0
好久没 上过 微博 今天 点 想 发个 微博 愣 知道 发表 百度 知道 勉强 冒个 泡 知道 好友 还好 ,0
阿里 京东 百度 网易 电信 ,0
型 男 帅哥 健美 分享 ,0
具有 超过 随机 事件 一款 手机 模拟 经营 游戏 ,0
子宫 内膜 血液 遇到 寒气 血液 运行 缓慢 形成 瘀血 ,0
华府 名 砥 绿色 整装 周年 庆 抢 定日 德系 整装 平米 全包 一口价 包全 屋主 材 人工 辅料 设计方案 想不到 划算 大牌 推出 特 ,1
漳浦县 旅游局 两个 景区 发布 闭园 通知 ,0
准备 配 ,0
学好 专业 考上 研究生 交上 朋友 ,0
眼袋 混合 取 眼膜 一枚 浸 混合物 ,0
南通 大学 筑梦 江海 爱心 志愿 服务团 今日 傍晚 举办 路上 ,0
四川大学 江苏 镇江 校友会 成立 ,0
无锡 附近 转 一圈 济南 附近 转 一圈 ,0
中国 声音 导师 撕 逼 大会 ,0
赶紧 膜拜 成为 旅游 达人 ,0
疑问请 致电 ,0
第一次 听 亲身经历 这种 学校 ,0
名为 巍巍 玉山 三 羊开泰 巨型 花灯 ,0
搜 需要 装 ,0
修眉先 确定 眉型 先用 眉 笔画 出 正确 眉型 ,0
恋爱 中 男人 好像 真的 ,0
企业 集团 管理层 提供 可靠 会计信息 ,0
微软 计划 今年 第四季度 ,0
洗车 宝宝 项目 全程 引进 度 接触 全自动 电脑 洗护 一体机 ,0
尊贵 会员 朋友 三八 女人 节汇华 广场 负 一层 奥维丝丽 内衣店 四楼 心吻 内衣店 祝愿 美丽 健康 魅力 无限 内衣 折起 蒸蛋 器 吹风机 礼相 送还 做 乳房 检测 喔 欢迎光临 ,1
掀 背式 尾箱 设计 损失 太多 动感 ,0
现在 滴滴 打车 显示 乘客 姓名 ,0
蛀牙 象征 更好 姿态 迎接 未来 ,0
台媒 尉健行 反腐 立下 赫赫战功 强调 官员 管好 身边 ,0
隐形 防晒 丝袜 微博 强调 一次 丝袜 贴身衣物 ,0
亲爱 姐姐 你好 金贝贝 美容 美容师 文春秀 姐姐 店 本月 号 号 特 推出 原价 现价 元 卡 享受 三次 ,1
台州 银行 期 限量版 稳 进账 理财产品 投资 期限 天 年月日 年月日 预期 最高 收益率 认 ,1
洛阳市 公安局 民警 是不是 西安 警察 财路 断 ,0
我国 公民 法人 组织 人民法院 提起 行 ,0
第三幅 建筑 相当于 中国 中南海 ,0
中日 双方 帮助 民事 索赔 ,0
不到 点 吃饭 ,0
全市 公安机关 处经 警告 无效 噪音 扰民 地点 给予 治安 罚款 处罚 ,0
等待 驾驶 法律 严惩 ,0
转身 一走 苏州 里 美景 掩饰 如旧 美好 抱 烟波 ,0
最高人民法院 审理 掩饰 隐瞒 犯罪 所得 犯罪 所得 收益 刑事案件 适用法律 若干 问题 解释 第七条 明知 犯罪 所得 产生 收益 予以 掩饰 隐瞒 ,0
全能 囧 爸 百度 云网盘 资源 高清 链接 ,0
手术室 医生 吃 果果 ,0
反腐 老百姓 关系 ,0
雅轩 美发 会所迎 周年 店庆 携手 节 推出 大型 回馈 活动 老 会员 续充 充值 金额 百分之十 返送 充值 元 送元元 送 ,1
所谓 政府 公职人员 出现 ,0
京沪 高速 北京 上海 方向 扬州 段 附近 发生 事故 ,0
机器人 餐厅 里 主要 充当 传菜生 角色 ,0
九旬 老人 闹 离婚 蕉岭县 法院 调解 准许 ,0
物业 要求 二手房 主 偿还 物业 管理费 ,0
用于 广告宣传 展览 商业活动 中 ,0
三八 女人 节 来临 之际 思 妍丽 祝 美丽 节日快乐 月 日 提前 天 预约 贴心 惊喜 心动 行动 来电 预约 美丽 热线 ,1
现代化 普门湖 旅游 休闲 区 ,0
昨晚 声音 翻 原唱 ,0
盐都 不用 花钱买 ,0
江苏 油田 采油 一厂 单位 干 两头 歇 中间 避开 高温 时段 作业 ,0
年 该校 闵庆泓 同学 报考 学校 ,0
余人 高级 执法 资格考试 ,0
设备 融资 模式 设备 销售 模式 投资 方式 创新 ,0
莆田 长富 通知 月 日 月 日订 长富 巴氏 鲜奶 月 送 同品 份 订奶 热线 请 注意 查收 群鸿 ,1
江苏 大学 管理 学院 漆梦 实践 服务 团队 赴 高淳 区漆桥 古村 开展 名为 现代文明 下漆桥 老街 古建筑 保护 发展 社会 实践 活动 ,0
大号 包 三层 托特 包 ,0
感恩 答谢 一席之地 品牌 高碑店 盛世 购物广场 号 全场 折 员工 欢迎您 到来 ,1
喜欢 偷偷 亲 光洙 ,0
成立 专项 预防 职务犯罪 领导小组 ,0
年 应届 高校 毕业生 实名 登记 累计 ,0
有助于 促进 新 细胞 生长 全效 ,0
飞机 延误 一次 没 赶上 中午 飞机 ,0
一台 兼顾 家庭 实用性 可玩性 ,0
女人 抽烟 喝酒 赌博 他妈的 好色 活着 没意思 ,0
政府 大街 政府 门口 成 上访 群众 聚会 ,0
市中心 方便 ,0
胎儿 基因 父亲 ,0
一部分 照片 分享 ,0
终止 海拔 约 米 山脚 位置 ,0
里 春季 服饰 再度 来临 ,1
原本 我妈 今天 宜兴 竹海 吃山味 ,0
瑞昌 岁 男童 江某 继母 王某 午睡 ,0
花千骨 东方 骨头 ,0
浙江 卫视 月 日 晚上 点 挑战者 联盟 约 ,0
继年 完美 操作 ,1
招 代理 现在 加入 为时不晚 先 基础 技巧 学会 准备 暑假 在家 吹 空调 赚钱 不想 吹 空间 ,0
高明 旅游 景区 策划 规划 ,0
奥拉 星 进击 圣殿 片子 情节 发展 抓 心弦 ,0
今天 新买 手机 好开心 ,0
声音 第三期 印象 最深 蒲悦 梨花 开放 ,0
赴 公安 边防 大队 武警 中队 驻乐 部队 进行 慰问 ,0
启东 气象台 月 日 下午 发布 多云 ,0
一部分 真相 实质 ,0
法官 心情 愉悦 地问 受审 干 坏事 ,0
你家 已经 宇宙 资源 光环 满天飞 ,0
网友 晒张 那英 录制 中 发型 照片 ,0
深圳 前海 找 不到 每平 万 以下 房子 ,0
平时 自动 保留 ,0
感觉 中国 小区 物业 城管 差 剥削 ,0
母上 说 电脑 吵 ,0
改编自 韩国 年月日 大邱 发生 真实 事件 ,0
面对 医生 医生 拜托 ,0
欧时力 后背 贝壳 扣 两 穿 轻薄 针织衫 这是 一件 全天 侯 ,0
健康 元 药业 集团股份 有限公司 国内 一家 民营 医药集团 ,0
今年 入选 顶级 前锋 ,0
声音 全景 音效 区别 ,0
指着 电脑 说 鹿晗 ,0
王某 因涉嫌 抢劫罪 强制 猥亵妇女 罪 批捕 ,0
益豪 私房 菜 月 日 正式 营业 答谢 新老 顾客 光临 开业 期间 办理 充值 贵宾卡 元起 尽享 九折 优惠 蛏子 元份海 鲈鱼 ,1
情史 扒 象山县 居 浙江省 中部 沿海 ,0
版本 浏览器 界面设计 简洁 ,0
公司 位于 茶 山镇 现招 焊工 铣工 钳工 兴趣 来电 询问 ,1
不公 丝路 重要 通道 ,0
小偷 入室 盗窃 如入 自家门 ,0
真的 很烦 地铁 里面 吃 东西 ,0
江苏 卫视 室外 活动 播 哥哥 ,0
纸飞机 般 风吹 想要 表达 问候 ,0
尺寸 ,0
拜拜 南京 没 忍住 花 妆 ,0
放在 壳 ,0
每天 地铁 下来 一种 想 栽 摩 大哥 灰色 短 丝袜 前 疲惫 地铁 里 是不是 有毒 ,0
贫苦 一定 期盼 呵护 ,0
伯爵 站 直一笑 ,0
浙江 杭州市 城南 钱塘江 月 轮 山上 ,0
你好 我行 可为 申请 万 信用 咔 条件 宽松 王经理 ,1
沪宁 城际 全天 计划 开 行列 动车组 ,0
支持 元加购 高一 元旦 盘 ,0
八月 理清 事要 做 事路 站 老想 坐电梯 走 老站 意思 站 久 累脚累 腰酸 ,0
浙江 旅游 总评榜 开化 获得 多项 大奖 ,0
滥用 药物 增加 家长 经济负担 ,0
不到 元 老人 机 质量 ,0
今年 岁 波波维奇 已经 带领 马刺队 取得 五个 总冠军 ,0
之后 每隔 几天 华为 后台 调整 ,0
您好 办理 抵押 信用贷款 李丹 日后 资金 需求 联系 ,1
反复 质疑 品质 只能 说 没 缘分 ,0
白色 瑞兰 价格 元 买 一盒 送 一盒 ,0
二十年 第一次 碰上 小偷 这种 事 ,0
来到 江苏省 武警 某部 连队 ,0
时间 电脑 手机 ,0
飞机 坐 一个多 小时 没动 屁股 ,0
年前 说 本书 一块 年 电影 落幕 ,0
逼 逼 教练 亲属 驾校 坦克 世界 ,0
正在 华为 手机 外形 曝光 ,0
未来 人才辈出 ,0
却说 世界 真 纯洁 伟大 爱 出现 沟通 障碍 ,0
李医生 手术 头骨 外 轮廓 常人 一致 ,0
盘 里头 照片 没得 ,0
常看 电脑 手机 将会 导致 散光 发生 ,0
股票 二次 触底 提前 大盘 上涨 ,0
帕 裁判 撞 ,0
足三里 按压 秒钟 手 离开 一次 ,0
富含 维生素 钙 铁锌 碘钠 多种 微量元素 ,0
电脑 一急 崩溃 ,0
现代 快报 记者 孙旭晖 男子 扁桃体 发炎 ,0
湖南 瑞廷 装饰 公司 招聘 装修 装潢 设计师 一名 要求 相关 方面 经验 ,0
知道 真相 整个 不好 ,0
盗 举报 ,0
前旗 检察院 法警队 借力 规范 司法 行为 专项 整治 活动 增强 责任意识 法警队 开展 自我 排查 活动 ,0
汽车 反光 车贴 个性 车标 姓氏 文字 定 制定 做 订制 设计 拉花 搞笑 划痕 贴纸 ,0
加强 肌肤 保湿 能力 暗沉 肤色 重现 白皙 ,0
每次 每次 知道 真相 每次 好球 烦 好球 烦 现在 相信 世界 有鬼 ,0
罗密欧 首席 外饰 造型 总 设计师 丹尼 加伦 参与 主导 设计 ,0
女友 说 路上 碰到 抢劫 ,0
款 名为 垃圾袋 帐篷 诞生 ,0
您好 刚刚 通电话 福星 惠誉澜桥 公馆 置业 顾问 姚兰 项目 位于 一线 临湖 湖 景房 户型 平米 售楼部 友谊 大道 余 ,1
十八种 实用 布局 设计 装修 卫生间 参考 十八种 实用 布局 设计 装修 卫生间 参考 ,0
老凤祥 春彩 女人 季月 日起 时尚 黄金 满减 钻石 珠宝 缤纷 让利 爱 唯一 美钻 一口价 稀售 更 绚彩金 买 送 祝您 三 ,1
希望 江宁 美丽 夜晚 ,0
记者 一行 走进 丹阳市 访仙镇 访仙桥 老街 ,0
快去 支付宝 口令 红包 抢钱 ,0
家 三周年 店庆 买房子 送 家具 家 ,1
长官 海瑟薇 谈话 实在 太 好玩 ,0
这辈子 不想 玩 ,0
外省 带来 道具 当初 没查 ,0
峨矿 领导 和县 镇政府 十分 头疼 ,0
真实 头脑 充满 生活 ,0
上海 苏州 无锡 镇江 ,0
擦 防晒霜 需要 ,0
开 机 电脑 傻 鸡 ,0
部分 产业 汽车 机械 正在 走出 产能 过剩 ,0
洞里萨湖 ,0
听说 宝应 里 起火 ,0
完全 满足 学校 ,0
年 月 列为 南京市 文物保护 单位 ,0
湖北省 高级人民法院 聘任 名 知识产权 审判 咨询 专家 ,0
具体 行为 中 确实 违法 犯罪行为 ,0
湖南卫视 爸爸 浙江 卫视 中国 声音 ,0
小贩 车上 说 李子 便宜 卖 ,0
我国 每年 超过 名岁 以下 儿童 死 道路 交通事故 ,0
一种 专 防止 宿醉 设计 革命性 新 饮品 有望 令 宿醉 第二天 早上 醒来 头痛 成为 过去 时 ,0
手机 欠费 缴费 半个 小时 说 欠费 打电话 ,0
三八节 特惠 全场 变变 抽奖 活动 容错过 欢迎 新老 顾客 店 咨询 洪楼 银座 太阳 舞 专柜 ,1
城管 真是 土匪 店门口 允许 ,0
一句 我要 世界 证明 世界 第一 打野 付出 太 背负 太 ,0
新 一年 祝您 财源滚滚 资金 需要 朋友 帮 解决困难 抵押 信用 借款 全程 为您服务 房贷 有车 贷有 工薪 贷 欢迎 致电 ,1
看到 汉阳 商场 一处 电梯 有点 不对劲 ,0
选 挖掘机 飞机 纳尔布隆 ,0
探讨 是否 预测 股市 走向 ,0
猪血 中 血浆 蛋白 消化酶 分解 ,0
激活 错误 原因 微软 服务器 不堪重负 ,0
耀世 天下 主题 年 商会 资本 经济 高峰论坛 福建 召开 ,0
上海 教学中心 地址 上海 徐汇区 中山西路 号永升 大厦 楼 ,0
房子 地基 不好 何来 设计 奇妙 ,0
保险公司 维修厂 良性 关系 应该 鱼 水 关系 ,0
斯科拉 火箭 充满 感情 ,0
共产主义 接班人 ,0
督查组 实地 督查 家 企业 应急 救援 设施 设备 应急 队伍 情况 ,0
星际 迷航 遇到 高科技 种族 ,0
辽宁 公路 直升机 救援 演习 沈大 高速公路 三 十里堡 服务区 举行 ,0
超市 里 正好 发生 一起 抢劫案 ,0
声音 黄恺 现场 深情 求婚 女票 啊啊啊 ,0
大雷 强奸 得不到 法律 救济 ,0
欢迎 网友 国际 财经 金融 提问 ,0
听话 全仓 乖 基金 周四 闪 股票 周五 走 ,0
参加 创业 课程 ,0
三天 早 飞机 终于 能回 成都 吃 吃 吃 ,0
腐败 巨蠹 更 讨厌 媒体 在位 时 歌功颂德 落马 落井下石 ,0
建筑 联盟 学院 ,0
优理氏 防晒 套盒 美白 防晒 修复 一套 ,0
美味 巧克力 改善 血液循环 ,0
美 吹毛求疵 毛手毛脚 不行 光 脱毛 做个 完美 无暇 女人 月 号 本店 做 脱毛 即可 享受 折 优惠 艾丽 绣 ,1
丢开 散热器 抱 电脑 上网 感觉 真是 久违 ,0
实验 目的 当元 分成 封 红包 时 ,0
元 流量 档次 选择 ,0
宋慧乔 腾讯 视频 陪 度过 小时 ,0
小米 中国 智能手机 市场 占有率 达到 ,0
福州 公交 贪污腐败 太 厉害 ,0
楼梯 通道 发生 火灾 时 人员 脱险 逃生 抢救 火场 被困 人员 必经之路 存放 自行车 堆放 杂物 保持 畅通无阻 ,0
市委 市政府 高 规格 召开 全市 免费 办理 农用 三轮车 摩托车 牌证 工作 视频 推进 ,0
这种 新 概念 建筑 生活 带来 便利 ,0
秒 不到 整片 车窗 卸 下来 ,0
刚 更新 ,0
街道 两旁 建筑 迷你 ,0
化 成为 买 礼物 ,0
百度 美团 京东 网易 招人 ,0
数组 震前 震后 高分 卫星 遥感 影像 图为 抗震救灾 工作 提供 第一手 数据资料 ,0
淮 先生 此河 命名 秦淮河 ,0
我市 投入 万元 探索 建立 市级 慈善 超市 ,0
微 密码 酵素 酶 元 觉得 贵 ,0
投资者 应该 意识 人性 这种 特点 努力 克服 ,0
您好 宝中 旅游 南园 营业部 竭诚 提供 国内 国际 游 ,1
事情 真相 往往 外在表 ,0
煞是好看 环境污染 导致 自然风景 保留 完好 甚少 ,0
水乡 周庄 首秀年 意大利 米兰 世博会 ,0
图左 照片 像是 南京站 ,0
快 一年 一周年 好看 ,0
江苏省 交通运输 厅 推出 江苏省 公共交通 一卡通 卡面 样式 一种 菜 点击 投票 ,0
牙膏 专供 大英 航空 头等舱 客人 专用 护理产品 ,0
私人 飞机 从天而降 你家 ,0
浙东 大峡谷 位于 浙江省 宁海县 境内 ,0
下面 易通贷 理财师 详细 介绍 ,0
更 危险 人心 ,0
这种 剪 裙边 式 反腐 经得住 推敲 ,0
花 开 时节 建筑 掩映 粉烟 之中 ,0
区 便宜 值得 投资 產业 ,0
每天 摄入 维他命 含量 达到 柠檬 ,0
南通 州北 通州 南北 通州 通 南北 ,0
上海 证券报 月份 中国 投资者 信心 回升 ,0
观景台 远眺 墨尔本 ,0
想 明白 虚荣心 出国 读研 国内 读研 不错 早点 读完 研究生 挣钱 养 买 东西 喜欢 人活 底气 重要 尊严 自由 ,0
坦克部队 驻扎 完毕 ,0
宁波港 集团 今年 实现 全国 文明单位 四连冠 ,0
打款 号 农行 陈勇 ,1
流水账 昨晚 跑出去 吃 一碗 米 元子 两份 臭干子 ,0
您好 春节 之前 联系 皇家 数理化 晨晖 老师 有名 老师 孩子 一对一 辅导 情况 真实有效 确保 提高 诚邀 面谈 盼 ,1
台州 安民 医院 前身 台州市 椒江区 安民 脊柱 病 专科医院 ,0
万人 传看 相爱 彩蛋 刘雯 信 地球 每个 角落 想起 遇见 美好 ,0
河南 女 大学生 长沙 酒店 找 实习 小时 离奇 坠亡 ,0
亚马逊 负责 无人机 项目 高管 提出 一套 方案 ,0
南京 鼓楼区 法院 次 发出 传票 ,0
遮 瑕 控油 防晒 蝴蝶结 干 粉饼 彩妆 正品 代购 ,0
小贩 警察 杀死 获赔 多万 ,0
貌似 乌克兰 ,0
招聘 流程 面试官 水平 有待 提高 ,0
上海 江苏 爷们 农民工 干活 ,0
有时候 觉得 君主制 更 适合 国家 ,0
到达 目的地 全车 腹泻 ,0
浙江 建德市 低压电器 产业 生态 真实 变迁 ,0
胡萝卜素 增加 倍 维生素 增加 倍 维生素 增加 ,0
高管 需要 没 资格 做 高管 ,0
护士 检查 惊呼 牙 蛀成 ,0
张家 苏宁 抢 美的 空调 预存 元 最低 元 最高 元 预约 电话 李 店长 ,1
火箭 休 赛期 总结 冲击 西部 冠军 惧怕 三 劲敌 ,0
中国 陆军 总兵力 步兵 个师 另加 独立 旅 ,0
黑龙江 贪官 腐败分子 揪 ,0
喜欢 卫星 ,0
疾病 非正常 原因 法定 退休年龄 退出 ,0
发个 消息 同学 回 学校 办理 ,0
旗舰店 女人 节大促 温暖 登场 全场 折 新款 折 可用 优惠券 当日 更 大奖 亲来 ,1
破获 盗窃 电线 电动机 案件 ,0
射擊 教練英 新任 警察 米 腦洞 ,0
一次 做 裁判 ,0
三八 魅力 女人 节 开心 有礼 美丽 无价 女人 花 护肤 名妆 精心 准备 多重 豪礼 送给 最好 礼物 全场 元起 期待 光临 美丽 热线 ,1
涡阳 发现 湖北 荆州 吃 电梯 同型号 电梯 运行 立即 查封 ,0
主讲 浙江省 社会科学院 副研究员 郑绍昌 ,0
浙江省 十二种 传统 名果 ,0
医院 真的 吃 骨头 地方 ,0
希望 阿里 网商 银行 打好牌 ,0
暑假 带 孩子 旅游 必备 药品 清单 ,0
配置 业务 整理 为个 要点 ,0
今天 拆 枸杞 味 ,0
湖南 案件 当事人 指 多名 法官 吃饭 喝酒 猝死 ,0
加油站 里 汽车 加油 充电站 里 汽车 充电 ,0
好消息 扬州 一号 家居 馆 月 日 日 推出 春季 家装 博览会 装修 免 人工费 建材 家具 家电 折 全套 方案 效果图 制作 完毕 送 床上 四件套 ,1
月 美丽 女人 季挂 榜 华联 超市 只为 更 美 彩妆 第二款 半价 头饰 买 送 更 惊喜 优惠 ,1
六点半 飞机 已经 穿着 湿 衣服 高速 ,0
肯定 保真 淘宝 买回来 每次 乍看 材质 感受 最近 淘 舒服 确定 假货 价格 每家 不差 元 ,0
企鹅 验证码 里面 老师 听 ,0
全省 艘 渔船 均 港 避风 处于 安全 水域 ,0
湖北省 宜昌市 中级 人民法院 第一 审判 法庭 依法 公开 ,0
成为 妥善处理 纠纷 解决 争端 基础 核心 ,0
您好 感谢 致电 风速 开锁 有限公司 公司 主要 经营 开锁 换锁配 汽车 遥控 钥匙 开 保险柜 ,1
总结 出 智能手机 电脑屏幕 散发 蓝光 夜间 人体 造成 影响 ,0
免税 费前 滩 一号 别墅 内部 房源 直降 万 急转 开发商 卖 万 套现 需万房 卫上 叠 平米 送 平米 阁楼 ,1
移民 量减少 建筑 量 增加 ,0
说 说 说 说完 两轮 之后 没 说 ,0
多家 券商 交易所 融券 交易规则 变动 暂停 融券 卖出 ,0
教 做 飞机 杯 丰衣足食 ,0
最初 热情 变 机器人 现在 终于 理解 说 房地产 公司 上班 ,0
无锡市 机械工程 学会 召开 九届 三次 理事 扩大 会议 ,0
请 手机 调到 歌曲 塞进 耳朵 里 看到 傻 傻笑 坚强 ,0
年 港闸区 公办 幼儿园 招聘 工作人员 ,0
乘客 家属 质疑 马方 结论 ,0
真是 应 那句 背景 花千骨 世间 神 ,0
转载 仙剑奇 缘花千骨 角色 杀 阡陌 ,0
提供 打卡 工资 流水 社保 公积金 工作 证明 居住 证明 水电 发票 具体 了解 请来 电 详谈 谢谢 祝您 新年快乐 ,1
毕业生 直接 除名 重新分配 寝室 ,0
张铁林 侯 俊杰 分手 真相 原因 揭秘 侯 俊杰 个人资料 微博 现状 照片 现任 老公 曝光 侯 俊杰 认识 张铁林 ,0
一天 没涂 防晒霜 遮阳伞 已经 晒成 酱油 色 真的 变成 周黑 鸭 ,0
超速 违法 飙车 进行 处罚 ,0
杭州 派出所 接到 李妈妈 报警 电话 ,0
就够 演唱会 加油 注意 舞台 记得 ,0
疑似 飞机 舱门 物体 冲上 留尼旺 首府 圣但尼 附近 一处 海滩 ,0
女人 节到 国际 内衣 回馈 新老 顾客 特 推出 送 现金 活动 全场 送 抢购 时间 年月日 月 日 电话 ,1
惧 权贵 忧 百姓 何惧 终生 追责 慌 ,0
广水 韩静 贪污受贿 商品房 准确 位置 号 书钉 ,0
陪 朋友 医院 咨询 一下 ,0
去年 企业 投入 万元 完善 各类 硬件 设施 建设 机器人 研究 制造 生产 ,0
六安 商业地产 进入 新篇章 ,0
食用 枸杞 朋友 应该 清楚 产 枸杞 最好 ,0
做爱 爱爱 视频 看片 国产 欧美 偷拍 网络红人 嫩 模日 韩宅 男 今天 撸 永久 ,0
同学 手机号 完全 转移 过来 ,0
媛 色 月 日 妇女 感恩 回馈 美容 美甲 睫毛 嫁接 门店 项目 折仅 此天 朋友 买单 此天 同样 享受 折 提前 ,1
我市 举行 系列 活动 庆祝 第个 全民 健身 日 ,0
岁 湖北 少年 抢劫 长沙 金店 觉得 公平 ,0
图为 淮安市 淮安 区 消防队 申通 快递 物流 公司 组织 开展 消防 演练 ,0
认证 信息 浙江 正泰 电器 股份 有限公司 邹林 ,0
成为 腾讯 阿里巴巴 网易 老牌 互联网 企业 并驾齐驱 游戏 互娱 行业 新生 巨头 ,0
南京 现在 坐 两个 小时 车 扬州 ,0
江焱 爹 违法 金额 万 ,0
年 宁波港 货物 吞吐量 突破 ,0
世纪 摇滚 帕儿 德国 全明星 乐队 无锡 剧院 折扣票 ,0
探潮 亚马逊 感兴趣 相关 大众 获取 探潮 亚马逊 资讯 重要 平台 ,0
常州 淹城 动物园 杭州 千岛湖 青岛 ,0
正在 城管 希 最想 法强 蛮王 ,0
被害人 ,0
真正 具有 投资 价值 长期 趴着 ,0
花千骨 哈哈哈哈 哈哈哈 看到 檀木 里 说 广西 四十几度 妆 容易 花 怒 本事 桂 拍 ,0
玩电脑 电影 占据 空闲 时间 时间 逝去 ,0
现将市 人民检察院 检察长 白 新潮 提请 任命 詹 先见 职务 情况 公告 ,0
昨天 地铁 里 看到 外国 帅哥 ,0
查处 田晓 驾驶 晋号 半挂 牵引车 安全 设施 不全 ,0
浙江 玉環楚門 教堂 出現 火燒 十架 場景 ,0
聋哑人 残疾证 写 捐钱 牌子 小伙子 ,0
投资 逻辑 要点 干柴烈火 逻辑 ,0
普世 观念 中 不公 抗争 ,0
念 高中 一半 出国 这种 事情 ,0
恭喜 乾 颐堂 熊 同学 顺利 安全 考试 ,0
稳 投资 稳 增长 积极 举措 ,0
恢复 皮肤 光泽 弹性 搭配 葡萄籽 精华 一起 吃 效果 更好 美白 祛斑 防晒 ,0
台南 朴实 民风 古老 建筑 ,0
懂 股票 大方向 不会错 ,0
今天 生日 身为 女朋友 陪 身边 今天 想 一起 逛 南京路 吃晚饭 吃 蛋糕 电影 上海 夜景 生日快乐 ,0
打印 手环 设计师 应该 设计 坦克 ,0
采取 盘中 暂停 证券 账户 交易 监管 措施 ,0
镇江 火车站 看到 好多 兵哥哥 军车 ,0
这是 真的 真的 韩后 春季 优惠 原价 元 水精灵 精华液 现在 元 赠送 元 代金券 瓶 ,1
孫 猛虎 孫萌虎 公主 喜歡 玩 小姐 遊戲 為何 瑜 陪 ,0
保证 电脑 端 安装 同步 软件 ,0
听说 常州 嗨 刷刷 朋友圈 满足 ,0
首 开花 郡 周六 邀 猜 灯谜 赢 现金 红包 翔安 正 中心 平 电梯 洋房 元平起 带厦 户口 月 全面 入住 高琪 ,1
东港 交管 采取 加强 宣传教育 开展 安全检查 完善 应急 预案 措施 ,0
真相 全球 超级大国 ,0
刚刚 一会儿 中国 声音 回放 ,0
玉珠贤 歌谣 广场 金贤重 说 受人之托 事情 不好 拒绝 ,0
下班 前才 完 电梯 吃 视频 ,0
登高 电影院 支付 元 积分 下载 ,0
今天 时其 中心 位于 嘉兴 东南 方向 公里 东海 海面 ,0
提升 逼格 利器 惠普 曲面 显示屏 ,0
路痴 第一次 坐地铁 上班 成功 走 丢 ,0
估计 南京大屠杀 仇 报 ,0
紧密 集成 ,0
五是 明确 违法 发布 互联网 广告 法律责任 ,0
讲座 邀请 河南省 人民检察院 检 委会 专职 委员 正厅级 巡视员 冯 中华 教授 授课 ,0
宁夏自治区 检察院 依法 决定 对夏夕云 立案侦查 ,0
赠送 年 吉林长春 产 安宫 牛黄丸 一粒 ,0
知道 艺兴 几点 飞机 成都双流机场 ,0
以向 企业 借贷 向本 单位 职工 集资 取得 资金 转贷 借款人 牟利 ,0
难 买 一部 买入 时元 手机 ,0
平安 易贷 帮 获取 需 资金 无须 抵押 手续 简便 快捷 快 申请 申请 时 输入 邀请 码 邀请 码 有效期 年月日 ,1
年 年 入狱 两次 ,0
试问 年前 修建 虹 南路 对河 深桥 村 征地 赔偿 搞清楚 没 ,0
中国 潜艇 突破 美 航母 防卫 圈 突然 上浮 ,0
带来 动感 能量 ,0
法国 蓝蛙 机器人 公司 开发 出 一款 外形 暖 萌且 ,0
仇恨 后悔 隐忍 撕心裂肺 声嘶力竭 ,0
回到 家 发现 弟弟 脑 残粉 ,0
主要 居民 城市 小贩 苦力 工 ,0
双领 大红 连衣裙 红色 夏天 颜色 ,0
上海 地铁 唯一 环线 号线 内环 高架路 交汇处 ,0
爸爸 年月日 死 九寨沟 ,0
以后 是不是 放上去 ,0
每个 面对 真相 勇气 特别 本性 东西 事情 知道 自欺欺人 ,0
杭州 官员 涉 强奸 裸 照曝光 ,0
法院 原来 有效 无效 ,0
溧阳市 气象台 日 时分 ,0
一支 停牌 退市 股票 ,0
手机 首歌 代表 情人节 度过 ,0
参加 中国 声音 出名 以后 淮北 王二小 博客 ,0
投资方 定位 世纪 高 智能化 标志性 建筑 ,0
江苏省 光缆 产量 达到 ,0
太坑 爹 支付宝 口令 时间 改了 ,0
网友 乘坐 地铁 时常 看到 文明 现象 画 ,0
继续 享受 带来 便利 ,0
天辣 群里 发个 照片 众人 起哄 成 学姐 ,0
之前 忘 盘 里面 东西 ,0
阿里 旅游 携手 能够 借助 双方 优势 ,0
开发 手机 卖 企鹅 公司 挣 大钱 ,0
互联网 金融 正在 每年 倍 速度 增长 ,0
手机 从米 高 手里 重重 摔 地上 ,0
法律法规 规定 法律援助 形式 ,0
心理咨询 师 温馨 提示 父母 太 ,0
每天 客户 前来 咨询 做 代理 ,0
冲上 云霄 男女 神三对 恋人 高空 爱恋 澳门 风云 发哥 斗 智勇 赢 天下 钟馗 伏 魔 成龙 演绎 天将 雄师 订票 金字塔 影城 ,1
大型 活动 九家 一线品牌 联合 举办 大型 家具 建材 活动 活动 现场 免费 领取 精美 礼品 免费 抽取 现金 红包 若联购 数量 货得 家电 微 ,1
业主 找 当地政府 领导 希望 帮忙 解决 ,0
苏州 下雨 城市 里 ,0
手机 爸 旧 手机 ,0
庞统 经历 告诉 长得 太丑 影响 应聘 效果 ,0
宇盾 防水 立方 祝您 生意兴隆 财源 广进 本厂 生产 防水 卷材 丙纶 油毡 竭诚 期待 合作 ,1
昆山 马鞍山 路 附近 发生 一起 交通事故 ,0
人要 天 时间 做 完 一个月 活 ,0
推荐 原因 款 氨基 葡萄糖 ,0
一家 小龙虾 外卖 真的 太牛 逼 ,0
小张 恒 大帝 景号 楼 火热 认筹中 平方 三房 紧邻 吕才 庄河 截止 月 日前 认购 客户 老 业主 额外 奖励 新 业主 尊享 额外 折 快快 告诉 身边 朋友 ,1
好消息 韩国 双飞 近期 特价 三亚 双飞 特价 北京 天津 加 华东 五市 双飞 单卧 日游 报名 送 云南 双飞 昆大 丽日 游 九寨 ,1
追剧 有意思 事 本来 冲着 白子 画去 花千骨 ,0
哥们儿 女朋友 坐地铁 ,0
加油 表达 关心 最好 方式 ,0
地球 已经 进化 地步 ,0
互联网 金融 互联网 板块 带领 市场 迅速 ,0
模式 基础设施 建设 发挥 巨大 作用 ,0
没错 第一 三共 是非 处方 处方 美白 针剂 药丸 只能 说 胆子 吃 不敢 处方药 日本 阳进堂 美白丸 ,0
期待 苏州 家 添 新 玩具 果粉 算是 玩 ,0
再也 找 不到 电视 目前 已经 结束 ,0
这位 帮助 火箭 上赛季 西部 半决赛 上演 惊天大 逆转 悍将 ,0
帮多 幸福 孩纸 完美 了结 幸福 婚姻 新 生活 ,0
周氏校 油泵 祝 元宵节 快乐 羊年 发大财 专修 电 喷油泵 油嘴 电路 技术 领先 原厂 配件 价格公道 地址 鸦岗 大道 集邦 物流园 大门口 电话 ,1
年 月 任教于 呼和浩特 新城区 苏虎街 实验 小学 ,0
免费 分享 江苏 份 分享 贵货 叶片 包 原文 ,0
配件 苹果 原装 耳机 元线 元 充头 元 ,0
亚马逊 秘密 要求 监管者 调查 市场 领先 出版商 ,0
中国 声音 里面 真 黄色 ,0
谷歌 新技能 独领风骚 智能 眼镜 别具一格 松下 穿戴 机器人 眼前一亮 穿戴 显示器 然 卵 ,0
中国地震局 山西省政府 合作 开局 良好 ,0
江苏省 常州市 新北区 丽江 社区 李家 大队长 李 纪国 利用 权利 ,0
大小 做 不到 觉得 晚 探望 尊重 够 ,0
环球 港 电梯 里 偶遇 野生 女仆 海妮 站 妮可 身后 秒 ,0
团队 谷歌 阿里 知名 公司 ,0
消费 金融 相当 长 时间 成为 不断 扩容 蓝海 ,0
图是 黑虎泉 图是 白石 泉图 趵突泉 ,0
南京 男子 驾 新车 油门 误当 刹车 骑上 行道树 ,0
每个 喜欢 真相 惊喜 ,0
盛 正阳 石业 开市 主营 大理石 花岗岩 圆柱 异形 石材 欢迎 新 老客户 光临 订购 地址 新郑市 薛店 镇 众合 石材 产业园 号 新郑市 薛店 镇 众合 石材 产业园 号 电话 欧阳 ,1
化妆棉 蘸 化妆水 轻拍 脸部 ,0
主题 坚持 党 法院 司法 体制改革 工作 领导 宣讲 陈旗 ,0
老板 新年好 杭州 远博 光学 测温仪 新年 优惠 年 月底 前 购买 光学 测温仪 享受 优惠价格 全套 元 原价 赠送 一年 延长 质保 期 价值 元 五年 老 用户 以旧换新 旧机 抵扣 元 机会难得 月 回复 原价 杭州 远博 科技 有限公司 祝 铸造 同仁 新春快乐 ,1
抛弃 ,0
梁某 因涉嫌 强奸罪 警方 刑事拘留 ,0
夏季 女装 新款 韩版显 瘦 宽松 中裙 修身 大码 短袖 夏裙 棉麻 连衣裙 女 ,0
奔驰 新 钻石 中网 风刀 开工 中 网 现货 欢迎 咨询 ,0
知道 现在 特想 回 无锡 吃 灌 汤包 ,0
每天 同城 发布 假 信息 ,0
南京 ,0
微软 以后 推出 软件 思路 更换 ,0
电脑 君 手里 挺过 三年 ,0
今年 谷歌 带来 两款 手机 ,0
报考 条件 中专 毕业 年 大专 毕业 年 本科毕业 年 徐州 助工 评 ,0
最近 利用 坐飞机 火车 跑步 时间 几集 虎妈 猫 爸 ,0
早 办公室 准备 撸 袖子 大干一场 电脑 中 病毒 干不了 现在 弄 好好 挽 袖子 一句 眼袋 ,0
懂 浙江 卫视 捧 ,0
打开 电脑 第一件 事 打开 微博 ,0
新 出炉 五彩缤纷 三个 字母 ,0
热烈祝贺 第八届 中国 东部 包装 展览会 月 日 临沂 国际 会展中心 召开 鲁苏豫 大印 包 企业 前来 采购 诚邀 参加 王力 包协 ,1
难以 安眠 日日夜夜 等待 真相 ,0
初 数理化 语英 中考 保班 各科 全曰制 月 日開 課長 郡 雅禮 師資 东塘 步步高 至學 ,1
米朵 设计 才华 人才 ,0
批评 支持 不佳 ,0
下午 点 飞机 日本 女足 取消 下午 点 场地 训练 ,0
发布 语言 通用版 ,0
说 前年 爹 保护 得太好 ,0
中文名 特种 警察 外文 名 别名 特警 战警 反恐 特战 作用 反 劫持 任务 ,0
人生 坎坷 精神财富 ,0
感谢 新老 顾客 劳动 路哥 弟店 特在 月 号 期间 推出 店 礼 时尚 新款 广州 过来 专业 搭配 老师 驻店 打造 美丽 活动 时间 月 日月 日 等待 到来 ,1
起点站 东山 公交 场 附近 茅店 山 中路 站 小时 ,0
政府 政策 推出 持续 发展 绿色 ,0
尊敬 客户 欢迎 致电 本店 公司 店 联营 万套 房源 多家 银行 合作 另本 公司 代理 多个 一手 房 楼盘 专业 团队 竭诚 为您服务 预约 ,1
尊敬 客户 你好 答谢 多年 双 推堂 支持 信任 我店 年 店庆 之际 推出 前所未有 优惠活动 充值 满元 送元 满元 送元 满元 送元 欢迎您 光临 时间 月 日 双 推堂 理疗 馆 ,1
原本 关联 券商 地方 显示 系统 ,0
举报 目的 否定 事实 ,0
亲爱 家长 您好 天使 童画 年 春季班 考虑 家长 书法 教学 了解 天使 童画 特地 举办 说明会 软笔 书法 班 说明会 提供 试听 机会 时间 月 日 星期一 晚上 硬笔书法 班 月 日 晚上 由教 书法 老师 主讲 地点 位于 天使 童画 基地 教学点 之江 东路 号 梦琴湾 小区 面江 商铺 希望 抽空 前来 参加 谢谢 ,1
安徽 固镇 耗资近 亿元 建 办公楼 ,0
上午 枸杞 乡 精河 托里 买 枸杞 ,0
丰宁县 益丰雷子 种子 农药 门市 搬迁 县城 南 大桥 转盘 菜市场 门口 对面 地理位置 优越 交通 方便 年 到来之际 答谢 新 老客户 保证质量 包装 重量 前提 保证 市场 最低价 销售 欢迎光临 预祝 新年快乐 郑云雷 ,1
四川 上半年 查处 县处级 干部 贪污贿赂 犯罪 余人 ,0
正在 海边 旅游 需要 带些 ,0
现今 手机电池 技术 满足 巨大 需求 ,0
小用 软陶 做 双层 樱桃 翻糖 蛋糕 ,0
手机 卫士 举报 条 垃圾 短信 ,0
看见 母子 两个 没 戴 安全帽 上路 ,0
韩国 离合器 全新 产品 到货 非 营运 车辆 享年 万公里 质保 百喜特 润滑油 享年 万公里 发动机 大修 质保 百喜特 电瓶 保 装车 月 ,1
该游戏 目前 登陆 ,0
苏州 光明 影城 告白 场 组织 相当 专业 ,0
无锡市 现代农业 研究院 创建 康导 生活 网 农电 商 购物 互动 共享 平台 正式 发布 ,0
战日 拍 虎穴 店铺 特典 ,0
赔偿 附带 民事诉讼 原告人 各项 经济损失 共计 万余元 ,0
江苏 男孩 遭 多名 初中生 木棍 殴打 致死 ,0
坐飛機 這樣 情緒配 ,0
预计 搭载 相同 涡轮 增压 版 ,0
回到 原来 问题 爱情 投资 具备 承担风险 能力 ,0
新片 拍摄 中等 杀青 昆山 ,0
仙侠 大剧 花千骨 暑期 正在 掀起 层层 热浪 ,0
年大崗 山龍眼 蜂蜜 文化 節已 大崗山 風景區 如意 公園 熱鬧展 開 ,0
私募 对冲 招聘 量化 投资 经理助理 实习生 ,0
不该 手贱 做 ,0
期货 铜 维持 前期 判断 ,0
维持 欧盟 长期 信用 评级 不变 ,0
敷着 跑出去 勇气 每个 宝贝 最好 代言人 会因 长久 稳定 发展 下去 ,0
米 自由泳 冠军 田径场 上米 飞人 冠军 抢眼 ,0
今天 河南省 人民 医院 帮 姥爷 拿药 ,0
欢迎您 致电 武汉 胜速 物流 有限公司 原 黄金 物流 公司 主营 武汉 宁波 公路运输 往返 专线 辐射 浙江 全境 地址 东西湖区 九 通路 天黎 九通 物流园 ,1
男 刑事 仮 面 ,0
妈个 鸡 出师不利 本来 不想 回去 飞机 妈妈 妈 晚点 一个半 小时 已经 操操 操早 知道 老子 真的 买 明早 飞机 便宜 驴 踢 门 夹 麻痹 飞 操 ,0
甲骨文 应该 先用 毛笔 写出 ,0
盼 学校 死刑 无法 消除 孩子 家人 伤痛 ,0
初秋 高级 定制 韩国 官网款 清新 休闲 套头 卫衣 ,0
怕 知道 真相 受伤害 ,0
小学生 英语 学习 出现 两极分化 二年级 入门 关键 腾跃 英语 帮助 孩子 打开 英语 学习 大门 成为 优等生 咨询电话 ,1
坐 飞机 上面 俯视 ,0
学府 澜湾 二期 周六 开盘 南北 通透 平 平米 均价 元 平米 土桥 免费 班车 电话 ,1
暗示 发布 一款 名为 智能手机 ,0
亚马逊 美国大使馆 农业 贸易 处 推荐 美国 企业 提供 选品 策略 跨国 物流 清关 手续 专业 营销 方案 方面 提供 服务 ,0
岑溪市 人民法院 原告 梁 某辉 履行 解除合同 通知 义务 ,0
沈阳 卓展 三楼 丹麦 琥珀 屋月 日 三天 迎接 三八妇女节 回馈 顾客 特 推出 部分 特价 商品 邀 提前 莅临 参观 选购 ,1
完全 想不起 电脑 里 珍贵 东西 ,0
准备 搞个 活动 送 手机 美 图 已经 买好 ,0
经营 货有 纯原 专柜 瑕疵品 原单 组装 原单 ,0
这是 丹徒 企业 积极 投身 文化 社会 事业 ,0
联系电话 ,0
来到 徐州 馒头 手 撕 鸡 凉菜 硬是 杂粮 饼 吃 够 蝉鸣 原来 味道 ,0
华尔街日报 中文网 ,0
兄弟 三人 开办 公司 取得 疯狂 业绩 ,0
半夜 点分 供电局 师傅 枪修 小区 恢复 通电 ,0
公交 集团 比亚迪 汽车 举行 天津 比亚迪 新能源 客车 基地 竣工 仪式 ,0
我刚 收到 一条 彩信 ,0
感谢 致电 国通 快递 汽车 东站 分部 专业 提供 国内外 快递 上门 取件 代收 货款 服务 快捷 周到 宗旨 地址 东岸 锦城 栋 ,1
远程 医疗 成为 上海 九川 投资 全资 子公司 ,0
蒸汽 眼罩 拿出 说 舒缓 眼部 释放 蒸汽 心情 放松 ,0
新能 社交 金融 值得 使用 ,0
好久没 好好 自拍 今天 过瘾 相机 里 照片 晚点 导出来 先 几张 手机 随拍 ,0
早 上乘 地铁站 碰见 旁边 一对 秀 恩爱 ,0
阳江 海陵 岛大角湾 偶遇 我恒 球迷 ,0
我省 目前 实现 公证 事项 网上 办理 ,0
买 一套 韩束 墨菊 保养 贵 ,0
款 手机游戏 余个 广告位 ,0
新年好 魏 小妹 讲 一下 格力 公司 月 日 搞 万人空巷 抢 格力 活动 活动 力度 好多 认筹 今年 需要 ,1
一名 岁 女子 踩 松动 扶梯 踏板 ,0
刚刚 拿到 公司 门 已经 打开 ,0
刚来 实习生 问 不带 冬天 被子 上班 ,0
穿 二少 打死 造 ,0
问 看过 腾讯 广告 说 微博上 有个 浏览器 搞了个 我要 现在 问 看过 说 公交站 牌正 想 说 李易峰 演唱会 打断 说 ,0
科普 公交 卡 手机 放 一起 消磁 ,0
光速 完 腾讯 微博 之后 傻白甜 评论 三条 ,0
不让 沦为 大吐苦水 垃圾桶 ,0
搞不懂 电脑 型号 软件 版本 下载 ,0
官商勾结 勾连 欺侮 平头百姓 ,0
知道 我杰哥 卫视 黑幕 ,0
最不愿 看到 医院 美容 保健 店 ,0
完全 敛财 连带 歧视 未 婚生子 存在 ,0
天 训练 中 每分 每秒 痛恨 ,0
下面 带领 走进 燕大 ,0
德清 永根 钢材 有限公司 新春 优惠 沙钢 每吨 元起 国标 每吨 元起 联系人 陈琴琴 联系电话 ,1
滨海 度假 率先 引领 中国 旅游 地产 潮流 ,0
更 疲惫 ,0
回憶 一下 我們 ,0
记者 位于 淮安 金 湖 经济 开发 新区 银涂镇 工业园区 看到 感人 一幕 ,0
旅游 车票 门票 酒店 我订 ,0
移动 宽带 新年 特惠 价格 飞 速度 光纤 最低 元月 元年 光纤 最低 ,1
意识 终于 墙外 ,0
求 扩散 网页 链接 希望 爱心 动动 手指 ,0
只能 求助 电脑 管家 专家 协助 ,0
仙居 上张 乡村 旅游节 入场券 ,0
开学 季 旅游 季 双肩 清爽 来袭 嫌贵 下手 保证 正品 ,0
想 送 一句 话 长亭 外 古道 芳草 天 ,0
凯夫 拉防 刀割 手套 对装 ,0
无论是 政府 行为 个人行为 ,0
真心 希望 医院 打电话 ,0
超水水 感覺 防晒 隔离 滋润 妞妞 肌肤 ,0
考虑 刘青云 张家辉 ,0
知道 城市 孩子 岁 没 坐 火车 ,0
蠢 狼 说 听到 手机 好多 新 消息 通知 声 拜托 机智 聪慧 发个 ,0
说 股想 犯罪 冲动 ,0
鉴定 印证 马航 客机 失事 结论 ,0
南京 ,0
三八妇女节 女人 节日 朝阳 一街 阁兰 缇 娜 健康 专业 调整型 内衣店 公司 支持 月 日 月 日 女士 朋友 谋福利 购买 内衣 第一件 原价 第二件 打折 另送 美人杯 一只 欢迎 新 老客户 光临 新款 到货 ,1
行窃 两次 盗窃 总价值 达到 元 ,0
转向 手机 平板 手机 平板 电脑 ,0
干 台风 灿鸿 今天 凌晨 离开 浙江 ,0
呼市 赛罕区 政府 西 栅 乡政府 勾结 国际 蒙 医院 拖欠 徐家 沙梁 千名 村民 三座 高层 回迁房 ,0
先后 挖出 内脏 ,0
中国 十大 神秘 事件 无法解释 中山大学 永芳堂 ,0
复原 当年 壮士 战斗 真实 经历 ,0
云南 路 社区 参加 下关 大厦 举办 为期 一天 半 鼓楼区 全科 工作 培训 ,0
鄞州区 城管局 环卫处 金处 一行 ,0
驾驶 全新 晶锐 战车 夺得 全场 第三名 ,0
防晒霜 正确 涂抹 手法 取 足量 果达儿 多效 防晒霜 指间 手心 ,0
副驾驶 两侧 设计 储物格 ,0
飞机 公平 主 ,0
确认 孕妇 乘飞机 最大 孕周数 ,0
应该 心理疾病 中心 活 快乐 ,0
使用 邀请 码 下载 登录 浙江 移动 手机 营业厅 ,0
罗曼罗兰 人生 一场 无休 无歇 无情 战斗 ,0
第三张 根本就是 残疾 逗 不行 不行 ,0
棕色 拉链 设计 斗篷 大衣 遮住 手臂 小肉 肉 ,0
使用 邀请 码 下载 登录 浙江 移动 手机 营业厅 ,0
宿迁 横店 影城 月 日影 讯 ,0
剑君 画集 拼单 汇率 算 找 拼 想 单独 下单 剑君 相关 物 汇率 ,0
女票 问到 汽车 防抱死 功能 ,0
觉得 爸爸 累 ,0
昨天 现在 找回 号 方法 试 限制 功能 以后 眼睁睁 看着 顾客 消息 回复 顾客 删 ,0
飞机 跑道 要求 不高 决定 方便 快捷 ,0
女性 三八妇女节 本店 特 推出 优惠政策 元 享受 胸部 护理 次 面部 护理 次 眼部 护理 次 本次 活动 三月 八号 一天 ,1
容易 患 脂肪肝 肥胖病 ,0
为己 为民 官僚 腐败 漫延 基础 ,0
伊布 最美 女人 节 限时 活动 全场 折 特别 感恩 女人 节日 里 美美 春天里 伊布 愿 一起 美丽 进行 下去 ,1
点 爱心 真的 停不下来 ,0
招 文员 一名 男女 限 学历 限 工作 认真负责 教 地址 义乌 江南 三区 栋 旁边 六层 楼 白色 厂房 四楼 中心医院 背后 商苑 电子商务 园 ,1
这名 岁 老人 名叫 ,0
市北区 安排 万元 大众 创业 发展 资金 万元 人才 发展 专项资金 ,0
天气 原因 飞机 延迟 小时 ,0
王石 汽车 飞机 安全带 ,0
不到 平方公里 小村子 置于 工业化 水平 发展 高 浙江 ,0
安徽 合肥 举行 第届 机器人 世界杯赛 ,0
杠杆 基金 小心 杠杆 交易 一把 双刃剑 ,0
您好 凭此 短信 免费 领取 邀请函 北京 卡洛斯 奇 装饰 百城 联动 钜 惠 暨 唐山 分公司 开业 酬宾 双重 优惠 邀请函 进店 免费 享受 三重 豪礼 百元 大礼包 幸运 揭 红包 鸿运 抽奖 现场 签约 铂金 工程 风水 设计 ,1
机器人 世界杯赛 明天 合肥 正式 ,0
相声 名家 张永熙 先生 年月日 下午 点 逝世 南京 ,0
两天 手机 要开 飞行 模式 ,0
上面 找 欧美 房源 短期 居住 心得 西方 社会 讲 风水 ,0
最好 双开 前 十 老大 选取 ,0
温馨 提示 出门 防晒 选 水晶 喷雾 ,0
六月 买 时代 票 今天 没 时间 ,0
突击 市内 收赃 销赃 单车 窝点 进行 查处 ,0
卡 刷卡 普通 公交车 标准 执行 ,0
海报 设计 雨伞 原因 ,0
今天 德国 总统 希姆 高克 携 女友 丹妮尔 夏迪特 圣三一 校长 工作人员 陪同 参观 著名 圣三一 长厅 ,0
執著 覺得 不可 思議 ,0
艾诺 疤痕 修复 美业 迎 双节 免费 修复 疤痕 天 优惠 元 地址 五星 北米 路西 ,1
小时 起床 已经 觉得 精神力 算强 稍稍 有点 走神 ,0
大佬 疾呼 机器人 硬 蛋 助推 人工智能 未来 ,0
原料 取自 天然 果实 配合 制作 而成 ,0
被告 公司 提出 公司 之间 存在 厂房 租赁 关系 ,0
庐山区 分局 十里 派出所 民警 介绍 ,0
现在 计划 长 周末 假期 从今天起 亚洲 分周 交换 即可 享受 人民币 折扣 优惠期 有限 致电 预订 ,1
亲 全场 相当于 八折 买满 现金 送 原价 卸妆油 一瓶 送 优惠券 需要 联系 吴中 新苏 ,1
妈 路上 拦路抢劫 赔 ,0
标签 转载 故事 听 ,0
陪 时 玩 手机 太多 ,0
我会 错 夜空 中 高翔 飞机 看做 星 ,0
今天 回来 电梯 四楼 门 关不上 几次 三楼 有人 以后 门 关不上 以后 电梯 三楼 开关 开关 关 关不上 ,0
设计师 采用 挑高 空间 吊灯 设计 ,0
大连 腐败 政府 华北 路 天天 挖 天天 修 一夜 大雨 禁不住 大连 排水系统 曾经 大连 ,0
他妈的 今天 护士 不去 死 ,0
超乎寻常 投资决策 速度 这场 资本 狂奔 背后 ,0
班次 月 日 恢复正常 ,0
腾讯 视频 缓存 视频 很卡 ,0
之后 越来越 设计师 创业者 进驻 ,0
省委 巡视组 反馈 县区 巡视 情况 ,0
两名 医生 身份 乘客 工作人员 一同 抢救 ,0
农业部 法院 中国 人民 死地 ,0
及时 查处 用人单位 侵害 农民工 权益 违法行为 ,0
现在 打算 推 部分 单位 这批 单位 会先 进行 认筹 现在 交万 诚意金 享受 开盘 额外 优惠 现楼 发售 数量 有限 联系人 ,1
社会 公开 曝光 名 终身 禁驾 名单 家 违法 企业 辆 违法 车辆 典型 交通 违法 案例 处 重点 危险 路段 ,0
莫名 女装 三八节 活动 巨献 全场 新款 折 大衣 低至 折 更 指定 款 一口价 欢迎 前来 选购 ,1
投资 几百 考虑 考虑 没 胆量 没 胆识 目光短浅 能干 大事 ,0
有没有 月 日 晚上 日 ,0
沪 指 已经 突破 颈线 位点 ,0
亲号 号 薇 姿 单品 满 减元 美白 第二件 半价 活动 享再 享折 优惠 名品 村 屈臣氏 ,1
选择 至少 家 用工 企业 ,0
买 家具 选 玛格 真 定制 真 专家 重磅 出击 进店 抢红包 元豪礼 换购 仅 一次 心动 行动 详情 进店 咨询电话 ,1
意味着 原定 今年 月 实施 广东省 内国 以下 排放 标准 二手车 流转 禁令 有望 今年年底 取消 ,0
妹 大老爷们 哭哭啼啼 算 毕业 想 苏州 镇江 想 新 认识 名字 总有一天 ,0
中国 强奸 判 死刑 法律 ,0
黄奇帆 金融 本质 三句话 文章 互联网 中 广泛传播 一是 有钱人 理财 ,0
当初 无锡 上班 口口声声 说 回来 ,0
司法 协调 赔偿 事宜 张某 共计 支付 万元 赔偿金 ,0
孩子 迷恋 手机 行为 怪异 偷偷 上网 ,0
江苏省 舞蹈 教育 研究 培训基地 ,0
千千万万 法院 司法 改革 路途 观望 ,0
那会 变成 资源 奴隶 ,0
井宝要 无锡 约 约 约 约 ,0
有時 好像 真的 挺 不公 麽 努力 頭來 還不 那樣 怪 誰 怪 咯 這是 命得 認然 並卵 以後走 著 瞧 ,0
再也 不用 担心 旅游 车费 景点 门票 饿 肚子 ,0
脱离 父母 保护伞 害怕 ,0
专注 服务 营销 团队 运营 管理体系 搭建 心理学 服务 营销 中 应用 咨询 培训 ,0
迎接 月 日 中央电视台 拍摄 纪念 反法西斯战争 胜利 周年 活动 ,0
无锡 安静 地方 非 莫属 ,0
中国 人寿 广州 分公司 招聘 业务 精英 ,0
如新 修身 美颜 机 不通 刷 ,0
健康 数据 年月日 ,0
年月日 强台风 袭击 浙江 杭州 ,0
一盒 葡萄籽 袋 每袋 块钱 左右 ,0
预计 年 之前 亿 欧元 投入 研发 ,0
本来 痛 右肩 越发 痛 ,0
省人大 副 主任 毛光烈 来到 江东 新松 机器人 基地 ,0
想起 金贤重 江苏 卫视 跨年 演唱会 ,0
客户 前来 惠顾 另有 一批 高分子 脚线 生产 设备 四折 处理 垂询 电话 ,1
分手 第一天 无锡 点 小雨 ,0
总是 想 定位 发现 文艺 清新 复古 英伦 欧美 朋克 街头 休闲 韩版 日系 中国 风 明星 同款 无法 定格 简单 ,0
十万火急 南郊 地铁口 旁 知名品牌 龙湖 地产 开发 龙湖 花千树 临街 独立 旺铺 交万 抵万 优惠活动 仅限 天 ,1
腾讯 悄悄 放出 安卓新 版本 ,0
那首 歌 发歌 那天 手机 铃到 现在 竟 舍不得 换 ,0
姓金 冒充 星星 姓 金 冒充 星星 现在 想 讨好 帮助 冒充 星星 杀人偿命 死 死刑 王芳 冒充 母亲 ,0
一部 手机 做生意 ,0
飞机 滑行 制动 要求 轮胎 具备 良好 防水 滑 功能 ,0
老农 见 嘀咕 道 汽车 配牛 ,0
宜兴 日报社 社长 程伟 佛山 紫砂 爱好者 谈起 文人 紫砂 紫砂 美学 特征 ,0
街道 城管 科与 金城 花园 物业 商议 本月 日 金城 花园 举行 废品 置换 鸡蛋 活动 方案 ,0
浙江 常山 发现 抗日 勇士 墓碑 市民 呼吁 妥善 保护 月 日 ,0
尊敬 会员 你好 建设路 意尔康 专卖店 依旧 换 新 ,1
三八节 雪伦 新 活动 即日起 月 日 玫瑰 玫瑰 玫瑰 玫瑰 玫瑰 购买 任意 一款 义乳 游泳 义乳 赠送 一件 义乳 专用 文胸 玫瑰 玫瑰 另凡 购物满 元 ,1
壹 房东 做 中介 ,0
点 西安 坐上 回 呼和浩特 飞机 ,0
外汇 货币 交易 分析 策略 ,0
整个 演唱会 跟着 唱 感觉 嗓子 哑 心疼 主唱 ,0
姓名 颠态性 带来 英尺 英 搜集 大量 野人 存 驼色 休闲鞋 蓝色 毛线 烂 部分 有毒 ,0
同事 电脑 里 发现 文件夹 老板 你妹 ,0
李先生 您好 刚 致电 阳光 芒果 置业 经理 鲁珊 项目 位于 广州 北 核心 发展 区 均价 送 装修 送 户口 限购 ,1
刚一查 芝麻 信用 最近 ,0
土豪 老板 投保 万英镑 保险金 人身保险 ,0
担任 多支 球队 总教练 ,0
电瓶车 违规 加装 遮阳伞 载人 ,0
估计 开 过来 ,0
是族 维生素 微量元素 来源 ,0
爱看 花千骨 精通 扑克牌 懂得 魔术 解密 ,0
销量 增长 ,0
办公楼 洗手间 自动 感应 水龙头 重度 洁癖 患者 天使 ,0
囟门 没 在意 现在 一周 十了 后脑勺 小包 触摸 鼓起 血管 按下 没 闭合 囟门 面积 ,0
伊斯兰式 建筑 火车 这种 工业 时代 产物 搭配 意外 精彩 壮观 ,0
小受 强权 之下 只能 加倍努力 以泪洗面 ,0
轮胎 修补 过有 内伤 轮胎 帘布 层有 气泡 ,0
允许 财政 地铁 公交 进行 补贴 ,0
预计 未来 小时 常州 南部 溧阳 大部分 地区 出现 雷电 雷雨大风 强对流 天气 ,0
现在 多美元 不知 怎么回事 ,0
一汽大众 团队 真正 苦日子 ,0
看不惯 没 搞清楚 事情 真相 挑事 ,0
话 说 最近 看上 一篇 女主是 言情 作者 似乎 坑品 不太好 ,0
认为 所谓 顾问 世界 和平 威胁 ,0
今天 凌晨 点多钟 抓 小偷 ,0
开工 兴建 年初 里 石门水库 北 干渠 工程 ,0
推 多渠道 股权 融资 巨量 现金 进入 股市 ,0
股指 期货 点 遇到 压力 ,0
要求 手机用户 办理 手机卡 时 实名制 方式 注册 登记 ,0
月 日 桂林 汽车 四日游 ,0
痛 一天 医院 男 看着 女 痛 还好 ,0
你好 华夏银行 公务员 事业单位 大型 企业 客户 推出 抵押 免 担保 信用贷款 身份证 有效证件 办理 利息 最低 随借 下款 ,1
工作 地点 北京 海淀 专职 ,0
亩 优质 地块 郑州 国土资源 局 交易 大厅 挂牌 出让 ,0
劲松 电器 韩俊学 重回 上班 感谢 朋友 领导 支持 空调 批发价 供应 套匹 空调 元匹 变频 劲松 韩号 停用 ,1
如果说 认了 亲戚 代表 腐败 ,0
男子 派出所 旁 强奸 女孩 被捕 时 裤子 没拉上 ,0
岁 每日 次粒 服用 ,0
投资者 依然 偏向 恐惧 一侧 ,0
听说 微软 全球 正式 发布 系统 ,0
位于 南京市 京 市 雨花区 科技 软件园 花神 大道 号 ,0
富含 人体 氨基酸 粗 蛋白 粗脂肪 药食 同源 植物 ,0
戳 图 防晒霜 件 事 ,0
机构 组合 实现 特定 机械运动 ,0
亲 促销 单张 订单 购 任意 幻时 幻时佳 产品 满元 即可 免费 获得 幻时 水瓶 维支 元 新品 亮采 迷你 装套 ,1
国家队 拉升 金融 板块 煤炭 股 进行 护盘 ,0
国家 能源 局大 工业 用电 需求 预期 持续 好转 ,0
江苏舜天 股份 有限公司 控股 股东 计划 增持 公司 股份 公告 ,0
小心 电脑 里 照片 搞 丢 麻痹 以后 记得 备份 ,0
波及 市面 设备 近日 ,0
布 棉服 一口价 元元兆君 折 现场 更 惊喜 来时 记得 联系 服务 热线 ,1
杏仁 绿豆粥 功用 降低 心脏病 慢性病 发病 危险 ,0
真相 往往 看不见 听不见 ,0
下一代 旗舰 机型 猜测 ,0
保险 互联网 云 计算 开放平台 潮流 前沿 工作 召唤 ,0
认证 信息 电商 顾问 代表 项目 灵灵鹿 奇宝 旗舰 ,0
电梯 事故 发生 得到 重视 ,0
搭配 复古 印花 高 腰 ,0
丸子 欧是 高中 同班 馁 南京 命运 之子 ,0
提供 手机 天 每天 小时 客户 询问 题 还免 手续费 代办 违章 丶 代交 车船税 年票 丶 代办 驾驶证 过期 换证 服务 ,1
元 每天 打电话 起床 期限 两天 红包 ,0
依旧 胖 真相 看不见 根本 吃饭 ,0
清官 俩 小偷 盗窃 宿迁 财政 官员 办公室 一无所获 ,0
海门 兴旺 厂长 唐卫娟 女士 合影留念 ,0
中国国奥队 首战 险胜 伊朗队 ,0
数据 读 绿地 历史 探寻 战略 剖析 ,0
小偷 卑微 分享 单曲 ,0
检察机关 提起 公益 诉讼 试点工作 开展 ,0
大姐 丹丹 ,0
出掉 永高 股份 股票 实在 没法 玩 ,0
德鲁克 认为 先有 目标 确定 ,0
新品 推荐 男士 长袖 衬衫 ,0
被誉为 目前 柯马 机器人 中颜值 最高 机型 ,0
敏锐 应该 社会 金融 层面 有所 感受 ,0
老百姓 所谓 潜规则 腐黑乱 老板 绝不允许 黑幕 潜规则 存在 ,0
开除党籍 撤销职务 处分 ,0
名 在读 研究生 秦皇岛 东 浴场 游玩 险些 丧命 ,0
刚 博思乐 高 机器人 活动中心 摇到 免费 好东东 ,0
恒顺众 昇 涉嫌 违规 遭 证监会 立案 调查 ,0
真相 大白于天下 辛酸 凝铸 汗水 得到 补偿 ,0
天 噜 一对 桃红 桃红 大褂 真是 够 ,0
咽喉炎 折磨 诊所 开 点药 ,0
您好 晨 月 店长 感恩 回馈 三月 六号 三月 十号 全场 护肤 彩妆 满送 更 优惠 欢迎 进店 咨询 ,1
面对 质疑 时 气愤 ,0
江苏省 苏州 已婚 男 伪装 加拿大 华裔 拍 受害人 裸照 骗色 骗财 ,0
早安 月頭 七八 筆 按揭 壓得 喘 過氣 不過 加油 加油 錢吶 ,0
年月日 四川 郫县 岁 男童 豪豪 幼儿园 里 致死 ,0
浙江 湖州市 安吉 縣 一個 商務觀 展團 ,0
言过其实 装 翻开 朋友圈 ,0
感觉 声音 转身 哒 ,0
爱 深沉 花菜 清水 里 涮 一下 捞起来 盐都 ,0
加密 搜索 一劳永逸 解决 中国 用户 搜索 稳定性 问题 ,0
看到 条 村庄 万亩 口粮 地被 强征强 拆 暴力 掠夺 ,0
疯狂 特价 美国 约克 空调 元起 地暖元平 更 优惠 供 享 期待 光临 祝您 生活 愉快 地址 城东 大道 号鸿华 ,1
迎 三八 感恩 回馈 新老 顾客 原价 元 美肤 无瑕 润肤 件 套现 特惠 元 特惠 项目 欢迎 新老 顾客 前来 选购 地址 广东 步行街 巜 品味 女 ,1
劲 爆 好消息 蓝光 商业 年终 优惠 地块 住宅 底商 位置 好朝 商业街 小区 大门 旁 一楼 平 价格 万万 二楼 ,1
大哥 你好 杨小琳 重庆 商务 职业 学院 学生 号码 朋友 告诉 说 家里 遇到困难 需要 五千元 我用 第一次 换 ,1
真正 触犯 道德 底线 法律 ,0
月 日 火热 收客 中 ,0
电脑 族群 带动 ,0
舆论 万 国家赔偿 ,0
没想到 手机 屏幕 已经 容不下 脸 ,0
两张 放 一起 ,0
女子 银行卡 被盗 刷笔 手机 没收 条 短信 ,0
目前 江苏 城镇化 水平 高出 全国 约 ,0
网络 手机 新兴 传播 途径 中国 梦 选题 进入 大众 视野 ,0
个股 利好 健盛 集团 半年报 业绩 增 五成 拟转 ,0
昨天 出去玩 曲里拐弯 发现 有槐 安桥 古树 村子 话 说 小村子 蛮 漂亮 清一色 徽派 建筑 ,0
刚刚 天猫 试用 中心 免费 申请 美国 扫地 机器人 ,0
天杯 咖啡 有效 遠離 失智 老人 痴呆 咖啡 每天 提神 專用 飲料 嗎 ,0
今天 说 蜂蜜 酵素 减肥 ,0
南通 西站 沪 通 铁路 中间 站 ,0
针 乙肝疫苗 现在 ,0
年 达到 九十六 亿颗 出货量 ,0
尺码 ,0
护士 说 隐形 矫正 缺点 ,0
永不 凋谢 玩偶 机器猫 肥皂 花 ,0
刚刚 小米 金融 领取 元 ,0
龙狗冲 本期 四 三合 中数 买 大伯 问小腰 一二 属 猴 三七 一十七 期出 玄机 羊家 狗 家中 数买 六六 中肖配 珠 联壁合 ,1
虚拟 货币 团队 计酬 复利 模式 完美 结合 ,0
保持 低调 ,0
知道 举报 亮出 曹国伟 结婚证 信 举报 大用处 ,0
现在 开头 申请者 审查 很严 ,0
感觉 每天 打开 手机 被康 总帅 哭 解锁 打开 诺 一萌 死 点击 功能 时 夏天 美哭 感觉 整个 不太好 ,0
嫌 医院 受得 打击 不够 ,0
日常 跑 宿迁 荡秋千 ,0
每片 添加 毫克 银杏 萃取 物 ,0
南京 飞来 米兰 观看 世博会 葛 女士 说 一家 四口 乘车 米兰 火车站 看到 家乡 非 遗 展示 老外 欢迎 感到 激动 自豪 ,0
日点 左右 宁波 舟山 一带 白峰 镇 地区 登陆 ,0
浙江 树 大学 大一 男生 给力 寝室 舞 ,0
更 笔记本电脑 配件 零点 利出 清 ,0
此人 陌 陌号 ,0
有人 三亚旅游 无锡 中智报 课程 ,0
科三 抽到 夜路 还特 电脑 故障 ,0
教育 投资 处于 快速 增长期 ,0
头 回见 江苏 团结 江苏 地理位置 ,0
哥 新年好 现在 母 羊羔 便宜 斤 一斤 每斤 元 左右 想 买 请 老弟 联系 ,1
朋友 狗 番禺 石 碁 地铁站 附近 丢失 ,0
认证 信息 淮安 杰森 电子商务 有限公司 部门 主管 ,0
下载 韩豆 得到 现金 红包 ,0
轻功 耳功 眼功 医术 悟性 全 ,0
佛山 公仔 对话 宜兴 紫砂陶 刻 刻盘 ,0
联系电话 ,0
这种 爆料 不露 名 行为 真是 奉献 ,0
玩萌 歌手 后知后觉 今天 知道 中国 声音 ,0
白雪公主 冰雪 王后 大战 ,0
坐地铁 多伴 几步 路 绕远 路 生气 ,0
人生 第一部 手机 摩托罗拉 ,0
年度 苏州市 科技 贷款 贴息 组织 申报 工作 已经 启动 ,0
自黑 发图 很怕 举报 ,0
湖南卫视 浙江 卫视 江苏 卫视 东方 卫视 ,0
紫外 河北 邢台 清河 容易 造成 冷漠 ,0
哥 您好 九天 特斯拉 全屋 定制 家居 刚刚 打电话 设计师 小于 高兴 为您服务 期间 最低价 回馈 新 老客户 提前 推出 ,1
夏天 最配 ,0
区 城管 幕府 山 执法 中队 辖区 中央 北路 幕府 东路 沿街 店家 违反 门前三包 规定 违法 违规行为 进行 专项 整治 ,0
今晚 点 浙江 卫视 十二道 锋味 ,0
机关 事业单位 养老保险 改革 完善 工资制度 同步 推进 ,0
今天 分享 一批 优秀 木制 办公室 设计 实例 ,0
升 马力 提升 马力 ,0
海南省 拆除 违法 建筑 影响面 很大 ,0
汽车 抵押 押车 利息 分 当天 放款 房子 抵押 他证 放款 利息 手续 简单 信用贷款 法人 上班族 利息 天 放款 ,1
怀孕 周 之前 超 判断 宫内 宫外 妊娠 ,0
更 女孩子 梦想 诠释 ,0
营地 ,0
以后 想 改名 孟菲斯 飞机 ,0
狼王 加内特 生涯 回顾 震撼 大片 即视感 ,0
找到 足够 契合 ,0
应该 明天 启程 苏州 ,0
家教 老师 高三 寒假 天天 腻烦 地方 买 地铁票 时 忘 站 日子 一去不复返了 ,0
高呼口号 还原 历史 真相 拒绝 台独 洗脑 日本 强拉 民夫 强拉 慰安妇 道歉 钓鱼岛 中国 ,0
小魏 美容 养生 馆 喜迎 妇女节 好礼赠 佳人 碧修堂 化妆品 人民币 尾数 数字 抵元 圣蜜莱雅 全场 折 优惠 温碧泉 第三款 折 明星 单品 买 送 限量 防晒 套盒 特价 套盒 抢 赚 月 日日 转发 朋友圈 三次 当天 进店 神秘 礼物 一份 ,1
城管 队员 勇救 溺水 女童 月 日 中午 ,0
入驻 材料 市场 滨海 投资 办厂 有着 强烈 意向 ,0
仗 未成年人 保护伞 胡作非为 ,0
晚上 人去 医院 感觉 再也 不想 经历 一次 像是 死 一遍 ,0
坚决 抵制 弄虚作假 行为 ,0
飞机 见到 豪华 山寨 版 李钟 硕 地铁 里 迷路 误打误撞 进入 一家 面馆 饺子 不错 吃 住处 卫生间 洗澡房 东请 澡堂 泡汤 爽爽 不想 离开 ,0
希望 政府 给予 更 自然灾害 补贴 ,0
人生 中 第一次 坐飞机 天气 ,0
个性 设计 越来越 宝贝 倾倒 ,0
偷偷 走 一袋 感冒药 ,0
至少 造成 死亡 多人 受伤 ,0
真的 电脑 登过 ,0
顺便 吐槽 小米 手环 万步 没 同步 成功 导致 姐 断档 差评 ,0
保和丸 山楂 丸 肥儿 丸 宝宝 内热 可用 中 药丸 调理 ,0
带 孩子 出门 旅游 行走 中 体验 观察 交通 ,0
月 日 郑州 今年 首次 分配 公 租房 第一天 ,0
以前 苏州 默认 圆通 快递 ,0
销往 苏州 两批 产品 过期 食品 ,0
说 朝鲜 艺术 目前 收藏 性 ,0
津巴布韦 相 中 人民币 真相 或成 中国 沉重负担 ,0
以前 买过 防晒 涂好 黏 黏 ,0
物业 小区 物业 小区 物业 ,0
同事 浙江 西塘 带 回来 礼物 ,0
盘 移动硬盘 结合 巧妙 漂亮 冰淇淋 上面 实现 ,0
万名 残疾人 进行 职业培训 全省 十大 民生 实事 工程 予以 推进 ,0
新 类型 产品 是从 质疑 尝试 接受 现在 热爱 品质 打消 顾虑 ,0
喜讯 喜讯 名媛 美容 正式 加入 中国 健康 养生 同盟会 艾灸 健康 养生 传 天下 花钱 乐 分享 签约 火爆 进行 中 美丽 热线 ,1
号 台风 灿鸿 预计 日晚 日 我省 登陆 ,0
该车 采用 碳纤维 车身 套件 扩散器 ,0
回来 大雨 截在 商业街 ,0
现在 孩子 溺水 小时 过去 ,0
昨天 微软 ,0
原审 法院 判决 安贞医院 赔偿 陈女士 医疗费 供体 费 住院 伙食 ,0
简介 小说 花千骨 简介 世上 ,0
亲爱 顾客 月 号 妇女节 来临 男女 顾客 考虑 当天 人太多 现在 需要 朋友 兑换 品牌 免 折旧费 外 品牌 折旧费 元 欢迎 新老 顾客 光临 ,1
難道 下一代 小小 ,0
國外 連續 居住 超過 五年 本國 公民 享有 投票 權 ,0
医生 说 智齿 冠周炎 ,0
今年 岁 一家 社交 媒体 经理 ,0
澳大利亚 陆军 坦克部队 培训中心 正在 进行 学员 战术 培训 演练 ,0
菊叶 蛋汤 清补 江苏省 中医院 营养 科 营养师 汪燕 夏天 贪凉 食易伤 脾胃 ,0
一下子 说出 我车 保险 到期 日子 ,0
你好 乔辉 服饰 安芝 萱 原 义乌 商贸城 四区 号门 七 街现 迁至 号门 三街 新款 欢迎 新 老客户 光临 祝 生意兴隆 财源 广进 ,1
上海市 杨浦区 长白 三村 号 室 董玲娘 上海 知青 关系网 一再 犯法 ,0
东井村 号 幢 压到 高压线 树枝 进行 处理 ,0
盐城 师范学院 听 抗战 老战士 讲 中国 故事 ,0
外国 人士 常去 转转 ,0
最新 祛皱 嫩肤 胶原 精华 再生 美肌 精华 ,0
正在 手机用户 民 生源 主页 ,0
启东 气象台 月 日 下午 发布 今天 夜里 明天 多云转阴 阵雨 雷雨 ,0
京沪 高速 北京 上海 方向 苏州 段 附近 事故 处理 结束 ,0
画眉 网 产业链 平台 美容院 系列 软件 ,0
新松 机器人 自动化 股份 有限公司 宣传片 引入 眼前 ,0
打开 电脑 家乡 新闻 ,0
湖州 说成 福州 东南 网 ,0
不像 朋友圈 消息 回复 投 ,0
今期 月 公布 买家 秀 礼物 果冻 包 噢 ,0
话音刚落 拿出 手机 咔嚓 咔嚓 几声 ,0
江苏 卫视 配音 日 狗 ,0
今天 早上 王建湘 医生 说 消化不良 ,0
福建省 龙岩 地区 医疗保险 没 报销 一个多月 ,0
百度 完 喜欢 郑真英 ,0
现在 热映 花千骨 好多 喜欢 子画 杀 阡陌 ,0
祛除 装修 污染 变得 尤为重要 ,0
金融 邦 青少年 财商 特训营 第一天 ,0
一帮 傻 逼 设计 ,0
温馨 提示 年度 三门峡市 居民 参加 城镇居民 医疗保险 业务 办理 ,0
亚洲 产业 巨头 阿里巴巴 集团 创始人 马云 到访 俄罗斯 图瓦 共和国 青年 见面 ,0
细胞 活性 普通 柠檬 数十倍 ,0
青云 桥上 桥 处 左数 车道 左边 深坑 ,0
不愿 真相 掩埋 冠冕堂皇 谎言 之下 ,0
白子 画宁 负花千骨 负 天下人 ,0
一下子 正常 行驶 汽车 撞倒 ,0
南宁 一心 医药 阳光 新城 店虎标 竟品 ,0
环境 公益 诉讼 难度 组织 仅起 起诉 ,0
山东 浙江 最大 区别 杭州 酒店 房间 ,0
尼玛 一整天 专车 司机 坑 ,0
度 天东 跑跑 西 看看 蛮 醉 ,0
手机 全方位 详细 讲解 进行 时 ,0
万事具备 ,0
我市 姜堰 区 利用 多月 时间 超额完成 绿化 提档 升级 工程 ,0
一架 援华 助战 美军 击落 ,0
长安 驾乘 体验 充满 自信 ,0
理财 方案 家庭收入 用于 储蓄 用于 衣食住行 用于 投资 用于 保险 ,0
日止 平米 精装 全包元 可至 现场 参观 样板房 咨询 热线 维朗 装饰 ,1
开玩笑 浓眉 打球 努力 重要 最不缺 天赋 普通人 光靠 努力 喜欢 灌点 鸡汤 ,0
诉讼 期间 不敢 拒绝 探视 希望 基层 法官 帮忙 拉长 诉讼 周期 孩子 多聚 ,0
一位 分析师 抨击 这款 手机 ,0
图六到 图八是 暗格 放 重要 物品 防止 盗窃 ,0
上面 标有 中文 马来西亚 文 ,0
医生 阿姨 路过 ,0
花千骨 说 愿 师父 身边 ,0
改装 仅 车身 内饰 ,0
媒体 披露 王林 违法犯罪 事实 ,0
中国 中铁 ,0
亿万富翁 激进 投资者 执掌 对冲 基金 ,0
社区 用药 报销 范围 增加 多个 品规 ,0
单说 杀 阡陌 花千骨 杀 天下人 这一 行为 ,0
伊奈帆斯雷 逆 転 裁判 ,0
一级 检察院 选任 人民 监督员 ,0
两英 女孩 嫁 海门 惨遭 家暴 之后 ,0
美国 购买 礼品 卡 部分 用户 送 ,0
一年 中 最好 调理 疾病 ,0
我镇 强力 推进 专项 打击 整治 行动 ,0
热 推 全球 最好 祛 疤膏 ,0
