label,review
0,商业秘密的秘密性那是维系其商业价值和垄断地位的前提条件之一
1,南口阿玛施新春第一批限量春装到店啦         春暖花开淑女裙、冰蓝色公主衫   气质粉小西装、冰丝女王长半裙、   皇
0,带给我们大常州一场壮观的视觉盛宴
0,有原因不明的泌尿系统结石等
0,23年从盐城拉回来的麻麻的嫁妆
0,感到自减肥、跳减肥健美操、
1,感谢致电杭州萧山全金釜韩国烧烤店，本店位于金城路xxx号。韩式烧烤等，价格实惠、欢迎惠顾【全金釜韩国烧烤店】
0,这款UVe智能杀菌机器人是扫地机的最佳伴侣
1,一次价值xxx元王牌项目；可充值xxx元店内项目卡一张；可以参与V动好生活百分百抽奖机会一次！预约电话：xxxxxxxxxxx
0,此类皮肤特别容易招惹粉刺、黑头等
0,乌兰察布丰镇市法院成立爱心救助基金
1,(长期诚信在本市作各类资格职称（以及印 /章、牌、 ……等。祥：x x x x x x x x x x x 李伟%
1,《依林美容》三．八．女人节倾情大放送活动开始啦！！！！超值套餐等你拿，活动时间x月x日一x月xx日，     详情进店咨询。美丽热线x
0,品牌墙/文化墙设计参考
0,苏州和无锡两地警方成功破获了一起劫持女车主的案件
0,自然之友苏州小组今日下午按原计划举办小组读书活动暨“我为城市量体温”启动仪式
0,共查扣违法三轮车304辆、残疾证23本
0,扬州公司工作人员正在扬州瓜洲镇境内
0,而我不愿意将就~今天调研团的小伙伴们来到了丁莲芳生产基地
0,任何职业的entrylevel都是最简单枯燥的重复
1,红都百货x楼婷美专柜x.x节活动火热进行中。一年仅一次的最大活动力度！充值送：充xxx送xxxxxxx送xxxxxxx送xxxxxxx送xxxxxxxx送xxxx时间：x.xx-x.x日。欢迎各位美女们前来选购！
0,有效服务和保障?“一带一路”建设的顺利实施
0,等我们音箱来了手鼓来了往观光园跑
1,您好，渤海银行双节理财xxx天收益x%五万起，三月十号起息，只能柜台购买，数量有限欲购从速！渤海银行祁新星。
0,predictionio去不了了
0,为什么一层楼那么多个LudovicStephaneCéline姓又不知道是什么鬼随便抓两个字母就是姓吗
0,南京下暴雨我在四川享受完美阳光
0,泛亚400亿资金被抽离或挪用
0,110嘛前几天我已经举报过的官博又开始逼死同人了
0,每天晚上拿着手机不断刷微博朋友圈而不愿意早早睡觉这是种病得治
0,军工+改革长春一东、军工+改革+体育际华集团、两市精神图腾+次新股龙头光力科技、高送转+次新股浙江金科、次新股+猪肉仙坛股份
0,保卫他们强奸你全家的权利
0,美职篮自由球员谈判期x日开启
0,天天都是蓝猫飞机敌法海象
0,移动登录可领取xxx～xxxx积分
0,晶体全净无暇颜色漂亮xxmm
0,最好的距离是30到70公里之间
0,不要拦着我买腾讯的好莱坞会员
0,这意味着用户可将MicrosoftEdge浏览器的默认搜索引擎设置为Google
0,并以服务的形式提供Windows
0,　　有图有真相哦~~~　　
0,然后走了一个半地铁站的距离
0,碧池放开爹的手机好吗人不能那么不要脸好吗
0,关于徐州彭祖园动物园闭园升级改造的公告
0,是大姑娘了要一点一点成熟起来要坚强更要勇敢的面对一切好与坏
0,南靖消防、公安、武警等部门先后赶到现场
0,CancerNetwork总结了几个具体癌种与饮酒的关系
0,万科物业管理人员一个一个敲门
0,先百度一下人工剥离胎盘是啥吧……有些过程之恐怖
0,4、根据事情的重要程度安排时间5、用20天养成想要的习惯
0,以考完买部一加二为目标撑到了高考结束
0,现在网吧的电脑都升级了环境也更好了
0,实拍香港男子地铁大骂内地母女
1,尊敬的贵宾您好！金桥足道x月x日正常营业！xxxx年与邢博士强强联手！更新大批技师团队！形象好，气质佳，手法一流，包您满意！电话xxx
0,希望你们能懂我视你们如珍宝不容被欺不容被辱世间的不公对你们恶意相向而你们终将会如同凤凰一般洗尽污秽涅槃重生闪耀于这世间
0,他们应该采用城管版或者银行版
0,奉贤法院公开开庭审理了一起因索要分手费而引发的刑案
0,妈妈很有耐心的拿pad给他放歌和玩耍
0,也挺愿意继续看下去的/色…………但是到了晚上
1,x月x日吃熟食不要钱？当天用淘点点吃多少返多少 最高返xx元红包 留夫鸭巨峰路欢迎选购！ 外送 xxxxxxxxxxx 地址 巨峰路x
0,这个来自日本的设计就充分体现了折叠的种种优点
1,丝宇名妆（国际）美业 顺城店庆祝三八妇女节暨x月xx日消费者权益日回馈老顾客优惠活动内容如下；x.充值优惠活动充值xxxx送xxx
0,我从张喜的医疗纠纷胜诉中看到了什么
0,杭州的千岛湖似乎商业化浓了点
0,腾讯和网易都是国内互联网产品做得比较精致的公司
0,做小三还要抢了个渣男哈哈哈哈哈哈哈哈哈哈
0,还是那句话我只推荐自己亲自服用过的东西具体心得体会看长微博～
0,接着就可以赶一早的飞机去京都游魂了三天无聊的会议
0,我刚刚用Nike+以xx'xx''/英里的速度跑了x
0,现在推荐顶级文件去重工具「DuplicateCleanerPro」
0,招远政府部门对这种生态环境的怎么看待
0,因为：它是由三百朵新鲜玫瑰压榨而成
0,ZMZZ050两位民警帮助我们找回了遗失财物
0,Gohealthy公司的产品保证纯天然
0,使从粉刺发展为中度至重度痤疮
0,市场营销、管理类人才大型专场招聘会
0,与此同时也抵制其旗下一切品牌及控股品牌
0,还包括更高级的EMBA以及SMBA
0,20150721：腾讯视频v4
0,2015年下半年鹤山市教育系统部分事业单位公开招聘中小学、幼儿园教师14名公告
0,吸毒男子抢劫杀人被抓受审时大笑称这很正常更多新闻视频：
0,好像姜河那可是手机拍不出来
1,广东易凌信息科技有限公司感谢您的致电！我公司以良好的信誉，优质的服务，专业为您提供一站式无线营销推广与服务。电话忙时请拨打xxxxxx
0,一个车厢有十几个什么房产公司的员工
0,36氪发布了分析公司投资指数的工具——氪指数
0,由一组布局错落的建筑群组成
0,张晋老师的团队在南京迎接各位敬爱的家长们
0,请各位代表移步百度网盘下载~
0,中心区商业气息还是蛮浓厚的
0,因为装修花费就像一个无底洞
0,xxxx首届无锡风情夜游节将于xxxx年x月xx日正式启动
0,经营有九家展览馆的“鳞之家集团”用令人眼花缭乱的绘画和布景让人游客体验到视觉错觉带来的快乐
0,打开百度主页看到了另一个地球吧被人类的逃亡主义震撼了我港真
0,美军再想侦查得派战斗机护航
1,欢迎致电创业人家置业发展有限公司，本公司从事房地产开发、二手房销售、物业管理，欢迎新老客户前来惠顾，我们将竭诚为您服务，电话：xxxx
1,美女们浦东华润时代广场xxx恩曼琳三八妇女节活动xx年春款x折，xx年秋冬款x.x折，货品有限，现已开始预售，期待各位的光临哦！
0,巧妙设计是利用转角在墙面上设计了两种不同样式的收纳柜
0,x不知道当前对民间求助和募捐是否有管理规定、政策法规
0,去图书馆上网视频一个也打不开查资料的网页也打不开却让填什么问卷还什么只填名字就行弄虚作假的爱国情怀
0,一个打没电了换个手机继续打
0,幸福的人大都相同不幸的人各有各的不幸
0,娃娃出生到现在2岁半一步也没有离开过我
0,x、加强程序化交易监管维护资本市场稳定
0,难道我要逼我开电脑上知乎吗
0,但专业投资机构的评价标准远更复杂更严格
0,菊花台风景区与雨花台风景区相邻而居
0,儿童医院的大夫不是应该更有爱心吗
0,配以糖、蜂蜜和糖浆制成的酱汁
0,上公交车了发现手机在班上充电又提前下车回来拿
0,卡西欧男士太阳能超薄双显腕表$28
0,现在分别是大连市人民政府、大连市法院、检察院、公安局等
1,Duang！香溢花城开门红！“三重钜惠”闹新春！ x、内环绝版性价比！限时一口价！xx#xxx，xxx平全能x房仅xxx万！x#xx
0,浙江全面推动省市两级派驻机构全覆盖
0,全世界的手机都被你们承包了
0,微博公开推荐股票2到5天获利袍5%到30%
0,投资小也是大学生初创业的好项目
0,你要结婚'就不要去找一个信奉单身主义的人给意见
0,今天上午球队将在新加坡滨海湾金沙酒店放松一下
0,孙校长坐镇哟~昨天的啤跑活动
0,不过3600点附近仍有一定支撑
0,Amazon上自营面膜任意两件149
0,标牌上写有手机天使的电话号码
0,对于稳健型投资者来说多看少动为良策
0,腾讯科技从华为终端内部渠道获悉
0,"视野和想法有了很多""New""的成分"
0,IEOpera谷歌火狐都打不开四个浏览器都有问题
0,④防晒用品应从春天开始使用
0,我分享了百度云里的文件：?模仿游戏
0,智能机器人正帮客户提供最新的理财信息、最火爆的周边特惠
0,我院执行二庭法官单德瑞收到申请人陈某的一封表扬信
0,终于不是usedtobe了
0,数字城管中心对今天采集员上报的道路积水案件进行梳理
0,似乎要侵占身上的每一寸肌肤
0,给大家分享“4d086e061d950a7b9ba1fc680bd162d9f3d3c982
0,机器人研发领域正朝着智能化发展
1,亲爱的 贵阳刚到混血美女 绝对极品 等你来哟
0,8、不在洗衣机内洗涤浸过汽油的衣物
0,我觉得找不到路是百度地图的问题
0,高三版将在8月5日及15日转团关系时提前发售
0,不是超人不是机器人只是一普通人需要充足的睡眠嘘
0,inputting+输入法辅助工具
0,全新世嘉xxxx元购车红包
1,尊敬的VIP您好、首先给拜个晚年，祝您新年快乐。阆中雷迪波尔春天百货从x月xx号开始全年最低折扣，所有秋冬产品x折，机会难得，快来抢购
0,365地产家居网无锡2012
0,7月外资投资额度增13%分析称将提高A股投资水平
0,浙江省台州温岭松门：灿鸿台风过去后的天空
0,xxxx年被二中院以受贿罪判处死刑
0,让我们做顺风车车主莫名奇妙补贴不到位也没有解释
0,与登峰造极的“异端审判法庭”
0,4、麦片西红柿汁：恢复晒黑皮肤
0,直到依靠刷手机眼睛极度疲劳到天亮才能入睡
0,2003年因抢劫罪被判刑18年
0,每天坐着电脑面前守着自己的小说
0,使用方法：每天早晚化妆水等基本护肤之后使用
0,欧美风个性黑色流苏绒面上衣
0,安邦共赢3号投资型综合保险
0,传企业可以利用持续的融资能力击败运营能力强于自己的对
0,全文始终以“一切都是最好的安排”为主线
0,领导说韩国某集团的领导每天加完班回去还要跑十公里
0,原标题：洛阳民警投诉西安警方：在西安抓贼
0,国家的法律要不要修改一下对于这些人渣判重刑
1,哥，你好，我是金堤路英皇服饰，我们联华二楼璞秀女装现做大型特卖会，全场五折封顶，活动刚刚开始，先到先得，有时间带姐去看看吧！
0,一抹就白坚持使用28天永久白一个月你的肤色至少亮一个色度
0,如何让机器人更安全的与人工作
0,Quirky是一款拥有灵活设计的智能插线板
0,他们的球星埃登·阿扎尔近日对媒体表示
0,淮安的小伙伴多了个周末好去处
0,周一周二追花千骨、无心法师
0,今年五月在如东和东台记录到的勺嘴鹬数量比去年同期增加了37%
0,咨询电话：86178350
0,福建省漳州市1名13岁女生骑“死飞”撞到行车后不幸身亡
0,尊上还没变凡人=￣ω￣=重头戏都没上
0,装修中极简便是让空间看上去非常简洁
0,南京市失业保险金的最低标准由858元/月调整到910元/月
0,曹宁校医生南京门诊每周限号xx个
0,在HTC产品市场表现越发疲软、
0,我是不明真相的萌萌哒吃瓜群众
0,天使投资机构Homebrew合夥人HunterWalk分析了一些管理者心里抗拒解雇员工的原因
0,x壶x手机复活x单身狗在哪
0,拿到钥匙后再也不会理那个置业顾问
0,当警察就算是被那个车撞死也愿意呀
0,以500架飞机代价击毁日机2600架
0,“扬州文心空手道”发了一个他爸爸吃“搭饭”的帖子
0,韩国著名ABOUTME柠檬排毒祛黄亮白按摩霜按摩膏
0,Samantha官方旗舰店在打折哦～而且才知道仓库竟然就在苏州吴江…然并卵又不能自提
0,该基金选择了和更有效率的民企合作
0,吃喝嫖赌贪污腐败糜烂千万人
0,所有的装修细节让我真是喜欢我家
1,豪美装饰xx年最新活动，工程总款返还xx％，地址：建华大街与中山路交叉口东行xxx米钻石广场A座xxx室。电话xxxxxxxxxxx
0,投资机会仍然集中在微观结构在此轮调整中出现明显改善的品种
0,港版原封小6金色16G仅需4199
1,亲，金汕教育春季班从x月x号起陆续开班啦！报名热线xxxxxxxx，或者直接回复需要补习的年级科目，我们会尽快跟您联系的。
0,徐州市区x条主干道违停将罚款xxx元记x分
0,重新审视、展览、出版中国与西方交流文化的始端
1,家长您好：旗帜数学本着提高学生成绩的宗旨，新学期开课啦。招生电话：xxxxxxxxxxx   xxxxxxxxxxx地址：五完小西十
0,昆山爆炸——铝粉燃爆的军用级威力
0,我电脑的Windows系统自带游戏为嘛没有扫雷
0,西安市75中郭老师和苏校长都说没有任何问题能上75中的重点班
0,虎子一脸悲催：遇到股票上涨
0,都是在纠纷发生前已然存在的客观事实
1,【学海教.育】个性化教.育第一品牌，一线教师根据学生学习情况，制订适合的教学方案，查.漏补缺。电话：xxxxxxx xxxxxxx
0,又有好声音听了又可以看到萌萌的轩轩和诺一了下次再看一集就可以回重庆了好开森
0,考虑重置下PC上的前几部吧……
0,xx人分别享有世界众筹节发起人权益
0,盐城市建湖县九龙口通用机场开工建设
1,感谢致电长沙张斌智能科技有限公司（迪非凡），提供车位锁、车轮锁，并承接交通设施、地下停车场的施工及安装，厂家直销！地址：红星安置小区B区xx
0,LP美白丸主要功效：促进肝脏排毒、抗氧化和自由基的清除剂
0,害怕……走腾讯云更新舰娘缓存似乎并不是个好主意……虽然更新速度确实很快
0,不到5小时将犯罪嫌疑人赵某某抓获归案
0,盗墓笔记为啥VIP也不管用了～看到第七集～心痒痒～有哪位好心人知道百度云盘链接
0,摸一下提神醒脑抓一下神魂颠倒滚一圈你这辈子就完鸟
0,所以说做股票还是要尊重大盘
1,感谢您使用短信营业厅！您已获得短厅装宽带送无线路由器资格。现新装宽带仅需xxxx元最高可达xxM，立即回复xx预约登记【广东电信】
1,xxxxxxxxxxxxxxxxxxx沈宇     工商银行
0,七月总结：操作14只股买入额150万
0,今天看了某前同事Linkedin上的简历…决定再也不相信简历这种东西…感觉只看到了厚颜无耻…
0,只有痛到极致才明白有些伤口它不会自己愈合你不得不找医生冲洗消毒乖乖每天敷药如果你不去管它炎症始终在哪里蔓延更大的病情又是何苦找虐
0,浙江正大拆基督教会的十字架
0,了解熟悉电梯的结构和各种安全保护装置的时候
0,80名m1坦克仿真器的乘员驾驶着仿真器穿越令人惊讶的虚拟世界：诺克斯堡的户外战场
0,就使用我的邀请码63y87z下载并登录浙江移动手机营业厅
0,好声音神秘学院也将现身屋顶音乐会
1,顾客：你好！永辉超市雅士利奶粉做活动x.x折，时间x月x号至x号，如有需要请到永辉超市！
1,各位老板，元旦节快乐！现在淘汰母猪漂亮的x.x元一斤，公猪x.x元一斤，如有需要苹联系xxxxxxxxxxx殷水良，谢谢！祝您六畜兴旺
0,次新、军工和央企改革三大主流题材都冲高回落且分化严重……
0,反腐漫画廉正漫画：人民公仆
0,好久没上过微博今天点上来了想发个微博愣是不知道在哪里发表后来百度才知道勉强冒个泡不知道好友吗还好吗
0,阿里、京东、百度、网易甚至电信
0,型男帅哥健美分享29
0,具有超过10种不同的随机事件的一款手机模拟经营游戏
0,当子宫内膜的血液遇到寒气血液会运行缓慢形成瘀血
1,华府名砥绿色整装x，x周年庆抢定日，德系整装xxx平米全包一口价xxxxx，包全屋主材，人工，辅料，设计方案，想不到的划算，大牌推出特
0,漳浦县旅游局对两个景区发布了闭园的通知
0,我准备为我的iPadAir配一个MicrosoftUniversalMobileKeyboard
0,学好专业②考上研究生③交上好朋友
0,因此有眼袋的MM可以将两者混合取眼膜一枚浸在混合物种
0,南通大学“筑梦江海”爱心志愿服务团今日傍晚举办“在路上
0,四川大学江苏镇江校友会成立了
0,在无锡附近转了一圈、在济南附近转了一圈
0,中国好声音=导师撕逼大会………………
0,赶紧去膜拜要成为旅游达人的我吧：
0,任何疑问请致电53206688
0,f第一次听别人亲身经历的这种学校
0,这只名为“巍巍玉山三羊开泰”的巨型花灯
0,一搜需要装adobeflash
0,修眉先确定眉型　　先用眉笔画出正确眉型
0,==恋爱中的男人好像真的什么都可以
0,为企业集团管理层提供可靠的会计信息
0,微软计划在今年第四季度向Update
0,洗车宝宝项目全程引进360度无接触全自动电脑洗护一体机
1,尊贵的会员朋友，三八女人节，汇华广场负一层奥维丝丽内衣店及四楼心吻内衣店祝愿您美丽健康，魅力无限。内衣x.x折起，另有蒸蛋器，吹风机等好礼相送，还可以做乳房检测喔。欢迎光临。
0,掀背式的尾箱设计并没有损失太多的动感
0,现在滴滴打车都能显示乘客姓名了
0,没有蛀牙象征着我们可以以更好的姿态迎接未来
0,台媒：尉健行反腐立下赫赫战功强调官员管好身边人
0,关于隐形防晒丝袜在微博再强调一次：丝袜为贴身衣物
1,亲爱的姐姐你好，我是金贝贝美容会所美容师文春秀，姐姐是这样的，我们店在本月x号，x号特推出原价xxxx，现价xxx元的卡，可以享受三次
1,台州银行xxxx期，限量版＂稳进账”理财产品：投资期限xx天（xxxx年x月xx日-xxxx年x月xx日），预期最高收益率x.x%，认
0,洛阳市公安局的民警你是不是把西安警察的财路给断了
0,2、我国的公民、法人或者其它组织向人民法院提起行
0,第三幅的建筑就相当于中国的中南海
0,在中日双方的帮助下打民事索赔
0,我一般是不到12点的时候去吃饭
0,全市公安机关对27处经警告无效的噪音扰民地点给予了治安罚款处罚
0,等待驾驶人的将是法律的严惩
0,我不是我你转身一走苏州里的不是我而美景掩饰我如旧美好的过不过不过都不过抱着你的烟波
0,最高人民法院关于审理掩饰、隐瞒犯罪所得、犯罪所得收益刑事案件适用法律若干问题的解释第七条明知是犯罪所得及其产生的收益而予以掩饰、隐瞒
0,全能囧爸百度云网盘资源高清链接
0,连手术室的医生都来吃我们的果果了
0,反腐到底和老百姓有什么关系
1,雅轩美发会所迎x周年店庆 携手x.x节推出大型回馈活动  老会员续充可按充值金额百分之十返送 充值xxx元送xxx元 xxxx元送x
0,这些所谓的政府公职人员出现不作为
0,G2京沪高速由北京往上海方向扬州段在890K附近发生事故1起
0,这个机器人在餐厅里主要充当传菜生的角色
0,九旬老人闹离婚蕉岭县法院调解准许
0,而物业要求二手房主偿还物业管理费
0,或者用于广告宣传、展览以及其他商业活动中
1,三八女人节来临之际，思妍丽祝美丽的你节日快乐！x月x--xx日提前x天预约有贴心惊喜哦！心动不如行动！赶快来电预约吧！美丽热线xxxxxxx
0,而在现代化的普门湖旅游休闲区
0,昨晚看了好声音马上翻原唱看了
0,你们的盐都是不用花钱买的吗
0,江苏油田采油一厂各单位“干两头、歇中间”避开高温时段作业
0,2015年有一个该校的“闵庆泓”同学报考了我们学校
0,1800余人通过高级执法资格考试
0,它是设备融资模式、设备销售模式、投资方式的创新
1,您有来自莆田长富的通知：x月x日至x月xx日订长富巴氏鲜奶x个月送同品xx份，订奶热线:xxxxxxx或xxxxxxx，请注意查收。【群鸿】
0,江苏大学管理学院“漆·梦”实践服务团队赴高淳区漆桥古村开展名为“现代文明下漆桥老街古建筑的保护与发展”的社会实践活动
0,MK大号jet包三层的托特包
1,xxxx感恩答谢一席之地品牌  高碑店盛世购物 广场x.x至x号全场x.x折。全体员工欢迎您的到来
0,他是那个喜欢偷偷亲Gary的光洙
0,并成立专项预防职务犯罪领导小组
0,xxxx年应届高校毕业生实名登记累计xx
0,并有助于促进新细胞的生长的全效BB～
0,我就只是经常飞机延误加上有一次没赶上中午的飞机而已啊
0,Juke是一台兼顾了家庭实用性以及可玩性于
0,一个女人你不抽烟不喝酒不赌博也就算了如果你他妈的还不好色那活着简直没意思
0,政府大街政府门口成上访群众聚会地
0,到市中心、SALFORDUNI方便
0,因为胎儿有1／2的基因来自父亲
0,我把一部分照片分享到iCloud
0,终止于在海拔约xxxx米仍是山脚的位置
1,里春季服饰再度来临
0,原本以为我妈今天去宜兴只是去看竹海吃山味
0,瑞昌5岁男童江某因继母王某叫其午睡
0,看了花千骨有东方叫她叫骨头
0,浙江卫视x月x日晚上x点xx挑战者联盟约起来
1,继xx年 完 美 操 作
0,bndfe招代理现在加入还为时不晚哦先打好基础把技巧学会准备暑假在家吹空调赚钱吧~不想吹空间
0,没有高明的旅游景区策划与规划
0,奥拉星·进击圣殿片子的情节发展很抓人心弦
0,今天新买的手机到了好开心
0,好声音第三期印象最深的是蒲悦的梨花又开放
0,赴公安边防大队、武警中队等驻乐部队进行慰问
0,启东气象台7月26日下午发布：多云
0,而恰好后一部分才是真相的实质
0,法官心情愉悦地问受审人：“你干了什么坏事呀
0,你家已经是宇宙ace资源光环满天飞了
0,网友晒x张那英在录制中的不同发型照片
0,深圳前海已找不到每平10万以下的房子
0,因为平时WindowsXP自动保留20%的
0,感觉中国的小区物业和城管也差不了多少各种剥削
0,hhhhhhhhhhhhhhhhhhhhhhhhhhhhh怪不得母上说电脑吵
0,改编自韩国1991年3月26日在大邱发生的真实事件
0,面对医生：医生拜托您了
0,|欧时力后背贝壳扣两穿轻薄针织衫|这是一件全天侯
0,健康元药业集团股份有限公司是国内一家民营医药集团
0,除了今年入选NBA的顶级小前锋StanleyJoshson
0,好声音的live和全景音效有什么区别
0,他指着电脑说：“你要看鹿晗
0,王某因涉嫌抢劫罪、强制猥亵妇女罪被批捕
1,《益豪私房菜》x月x日正式营业啦！为了答谢新老顾客光临，开业期间凡办理、充值贵宾卡xxxx元起尽享九折优惠、蛏子xx元份、海鲈鱼xx
0,情史被扒象山县居浙江省中部沿海
0,024版本浏览器界面设计简洁
1,本公司位于茶山镇，现招焊工，铣工，钳工，有兴趣可来电询问。
0,甚至不公ngneedlewillexperien丝路的重要通道
0,为何小偷入室盗窃如入自家门
0,真的很烦在地铁里面吃东西的人
0,江苏卫视的那个室外活动竟然播哥哥们的playboy
0,纸飞机般被风吹起的时候\想要表达的问候
0,尺寸51mm*41mm*19mm*37
0,拜拜了南京没忍住还是花了妆
0,放在XperiaZ3+的后壳上
0,每天从地铁下来都有一种想栽在摩的大哥的灰色短丝袜前……疲惫……地铁里是不是有毒…
0,贫苦的人不一定期盼别人的呵护
0,Piaget伯爵chaumet站直一笑
0,在浙江杭州市城南钱塘江边月轮山上
1,你好，我 行可为/您申/请到x-xxx万，【信】【用】 【咔】。条/件宽/松。xxxxxxxxxxx王经理&
0,沪宁城际全天计划开行217列动车组
0,IPA也支持5元加购高一元旦盘
0,八月要理清一些事要开始做一些事路就在这里站着老想是没有用的又不是坐电梯要走起来老站着没有意思站久了还累脚累比腰酸好
0,2014浙江旅游总评榜开化获得多项大奖
0,如此滥用药物不仅增加了家长的经济负担
0,还是不到100元的老人机质量好
0,今年66岁的波波维奇已经带领马刺队取得了五个总冠军
0,但是之后每隔几天华为在后台调整
1,您好，我是办理无抵押信用贷款的李丹，您日后有资金需求可以与我联系。
0,对于反复质疑品质的只能说没缘分
0,白色瑞兰价格308元买一盒送一盒
0,二十年来第一次碰上小偷这种事
0,大家来到江苏省武警某部连队
0,其余的时间都在电脑上、手机上
0,在飞机上坐了一个多小时了还没动屁股
0,和x年前和我说这本书的人一块等到了x年后电影的落幕
0,”这逼逼教练亲属——驾校的坦克世界
0,我正在看华为Nexus手机外形曝光
0,未来的HPE和HPI都是人才辈出啊
0,他却说“世界上最真、最纯洁、最伟大的爱都会出现沟通障碍
0,经过李医生的手术使他头骨的外轮廓与常人一致
0,U盘里头2个多G的照片全都没得了
0,常看电脑和手机将会导致散光发生
0,有很多的股票却二次触底提前于大盘上涨
0,你帕刚才把裁判撞到了……
0,③足三里：按压6秒钟将手离开一次
0,富含15种维生素以及钙、铁、锌、碘、钠等多种微量元素
0,电脑和我一样一急起来就各种崩溃
0,现代快报记者孙旭晖男子扁桃体发炎
0,湖南瑞廷装饰公司招聘装修装潢设计师一名：要求有相关方面的经验
0,知道真相的我整个人都不好了
0,是谁盗了我的qq然后被人举报
0,前旗检察院法警队借力规范司法行为专项整治活动增强责任意识法警队开展了自我排查活动
0,汽车反光车贴个性车标姓氏文字定制定做订制设计拉花搞笑划痕贴纸
0,加强肌肤保湿能力让暗沉的肤色重现白皙6
0,每次都是这样每次都是我最后知道真相的我每次都是这样你们都是这样的你们都这样好球烦好球烦我现在宁愿相信世界上有鬼
0,由罗密欧xC的首席外饰造型总设计师丹尼加伦参与主导设计
0,女友说：路上碰到抢劫的了
0,这款名为Glad的垃圾袋帐篷由此诞生
1,您好，我是刚刚跟您通电话的福星惠誉澜桥公馆置业顾问姚兰，项目位于一线临湖湖景房户型从xx-xxx-xxx平米都有。 售楼部在友谊大道余
0,十八种实用布局设计?你装修卫生间可以参考下：十八种实用布局设计你装修卫生间可以参考下
1,老凤祥“春彩 女人季”！x月x日起时尚黄金满xxxx减xxx，钻石珠宝缤纷让利，“爱唯一”美钻一口价稀售！更有绚彩K金买x送x。祝您三
0,希望江宁也可以有一样美丽的夜晚
0,记者一行走进丹阳市访仙镇访仙桥老街
0,快去支付宝口令红包抢钱了
1,居然之家三周年店庆，买房子送家具，就来居然之家！
0,另外innocent长官跟海瑟薇谈话实在太好玩了
0,这辈子大概都不想玩galgame
0,外省coser带来的道具你们当初怎么没查到
0,使峨矿领导和县、镇政府都十分头疼
0,不是真实/而是头脑充满了我们的生活
0,在上海、苏州、无锡、镇江等地
0,只要你擦了BB或防晒霜都需要它
0,开不了机的我对着电脑像只傻鸡
0,部分产业如汽车、机械等正在走出产能过剩
0,TonleSapLake洞里萨湖
0,听说我们宝应有一个KTV里起火
0,完全满足学校的waiverrequirements
0,xxxx年x月被列为南京市文物保护单位
0,湖北省高级人民法院聘任xx名知识产权审判咨询专家
0,在具体行为中确实有违法甚至犯罪行为
0,是要看湖南卫视的爸爸去哪儿呢还是浙江卫视的中国好声音
0,一个小贩在车上说李子便宜卖
0,我国每年有超过xxxxx名xx岁以下儿童死于道路交通事故
0,一种专为防止宿醉设计的“革命性”新饮品有望令宿醉第二天早上醒来后的头痛成为过去时
0,手机欠费缴费后半个小时也还说欠费不能打电话
1,三、八节特惠，全场xx变xxx，xx变xxx，还有抽奖活动不容错过。欢迎新老顾客到店咨询。洪楼银座太阳舞专柜。
0,城管真是土匪吗店门口什么都不允许有
0,在AllStar上一句“我要向世界证明谁是世界第一打野”他付出了太多背负了太多
1,新的一年，祝您财源滚滚！有资金需要或朋友，我帮您解决困难，无抵押信用借款，全程为您服务！有房贷，有车贷，有工薪贷， 欢迎致电
0,看到汉阳商场的一处电梯有点不对劲
0,选了挖掘机、飞机、纳尔、布隆、EZ
0,探讨Twitter和Google是否能预测股市走向
0,猪血中的血浆蛋白经过消化酶分解后
0,Winxx激活xxCxxxCxxx错误原因：微软服务器不堪重负
0,耀世天下”为主题的2015年商会资本经济高峰论坛在福建召开
0,上海51sap教学中心地址：上海徐汇区中山西路2025号永升大厦8楼
0,但一个房子地基都打不好何来设计的奇妙
0,保险公司与维修厂的良性关系应该是鱼与水的关系
0,1斯科拉对火箭充满了感情
0,“我们是共产主义接班人…”
0,督查组还实地督查了2家企业应急救援设施设备及应急队伍情况
0,星际迷航VOY613：遇到一个高科技种族
0,“辽宁2015公路直升机救援演习”在沈大高速公路三十里堡服务区举行
0,超市里正好发生了一起抢劫案
0,好声音黄恺现场深情求婚女票：啊啊啊
0,大雷被强奸了也得不到法律救济
0,欢迎网友对国际财经金融提问
0,听话全仓就乖了基金周四闪股票周五走
0,他参加了HPLIFE创业课程
0,赶了三天的早飞机终于能回成都吃吃吃了
0,比起腐败巨蠹来说我更讨厌某些媒体在人在位时歌功颂德落马后落井下石
0,建筑联盟学院﹙ArchitecturalAssociationSchoolofArchitecture﹚
0,优理氏防晒套盒、美白防晒?修复一套
0,3、美味巧克力改善你的血液循环
1,“美，就该吹毛求疵，毛手毛脚可不行”，E光脱毛让你从此做个完美无暇的女人。凡在x月x号起在本店做脱毛即可享受x折优惠！！！！！ 艾丽绣
0,能丢开散热器抱着电脑上网的感觉真是久违了
0,实验目的：当1元分成100封红包时
0,99元/200M等不同流量档次任你选择
0,宋慧乔在腾讯视频陪我度过了1小时
0,小米在中国智能手机市场的占有率达到xx
0,福州公交是贪污腐败太厉害了还是怎么了
0,3、楼梯通道是发生火灾时人员脱险逃生、抢救火场被困人员的必经之路、不要在此存放自行车和堆放杂物、保持畅通无阻
0,市委、市政府高规格召开全市免费办理农用三轮车、摩托车牌证工作视频推进会
0,而且这种新概念建筑会对人们的生活带来许多便利
0,10秒不到就把整片车窗卸了下来
0,Min刚更新了Twitter：?
0,街道两旁几乎所有的建筑都很迷你
0,化成为自己在amazon上买了个礼物
0,百度、美团、京东、网易居然是这样招人的……via
0,数组震前、震后高分卫星遥感影像对比图为当地抗震救灾工作提供第一手数据资料
0,淮先生就将此河命名为秦淮河
0,我市投入30万元探索建立市级“慈善超市”
0,微密码酵素酶180元你觉得贵吗
0,投资者应该意识到人性的这种特点并努力克服它
1,您好!宝中旅游(南园营业部)竭诚为您提供国内国际游
0,事情的真相往往与其外在表
0,煞是好看~环境污染导致自然风景至今保留完好的甚少
0,水乡周庄“首秀”2015年意大利米兰世博会
0,图4左下的照片看起来像是南京站嘛
0,不知不觉快一年了一周年我们给你好看
0,由江苏省交通运输厅推出的5种江苏省公共交通一卡通的卡面样式哪一种是你的菜呢点击这里投票→
0,MARVIS牙膏是专供大英航空头等舱客人专用的护理产品
0,我让私人飞机从天而降到你家
0,浙东大峡谷位于浙江省宁海县境内
0,下面就是易通贷理财师的详细介绍
0,其实更危险的是人心……
0,这种剪裙边式反腐能否经得住推敲
0,花开时节所有建筑掩映于粉烟之中
0,KL区便宜又值得投资的產业
0,它让你每天摄入维他命C的含量达到53个柠檬
0,”南通州北通州南北通州通南北
0,据上海证券报：7月份中国投资者信心回升
0,skyhigh观景台远眺墨尔本CBD
0,我也想明白了不必为了自己的虚荣心而出国读研在国内读研也不错啊早点读完研究生挣钱自己养自己还有买东西给喜欢的人活得有底气人最重要的就是尊严和自由
0,此时坦克部队已在这里驻扎完毕
0,宁波港集团在今年实现了“全国文明单位”四连冠
1,你打款号，农行，陈勇，xxxxxxxxxxxxxxxxxxx
0,流水账昨晚跑出去吃了一碗米元子两份臭干子
1,您好，春节之前和你联系过的，我是皇家数理化的晨晖老师，我们这边有很有名的老师可以给你孩子一对一辅导。情况真实有效确保提高。诚邀面谈，盼
0,台州安民医院前身为台州市椒江区安民脊柱病专科医院
0,「76万人在传看」我们相爱吧彩蛋刘雯的信：我们在地球每个角落想起遇见的美好
0,然后就没有然后了——「河南女大学生长沙酒店找实习进去1小时离奇坠亡」
0,亚马逊负责无人机项目的高管提出了一套方案
0,南京鼓楼区法院3次向他们发出传票
0,wings遮瑕控油防晒蝴蝶结干粉饼彩妆正品代购
0,小贩被警察杀死获赔3000多万
0,貌似在乌克兰的viaTwitter
0,招聘流程和面试官的水平都有待提高
0,难道上海和江苏的阿爷们都像农民工那样的干活
0,所以有时候我反而觉得君主制会更适合这个国家
0,到达目的地后全车x个人开始腹泻
0,是浙江建德市低压电器产业生态的真实变迁
0,胡萝卜素增加3倍、维生素Bl2增加4倍、维生素C增加4
0,高管都需要KPI就没资格做高管
0,护士一检查惊呼怎么牙都蛀成这样了
1,x.x-x.x来张家边苏宁！抢美的空调！ 预存xx元：最低=xxx元，最高=xxxx元！预约电话：李店长：xxxxxxxxxxx
0,火箭休赛期总结：可冲击西部冠军惧怕三劲敌
0,中国陆军总兵力有步兵182个师、另加46个独立旅
0,可是黑龙江的贪官腐败分子怎么就揪不出来呀
0,喜欢?卫星15052350470
0,除非因疾病的非正常原因或到法定退休年龄退出
0,发个QQ消息让所有同学回学校办理
1,【hongkee旗舰店】#女人节大促温暖登场#全场x.x折起，新款x.x折仍可用优惠券，x.x当日更有iphonexplus等大奖等亲来拿！
0,破获盗窃电线、电动机等案件10起
0,射擊教練英x新任警察米的腦洞
0,Boxingreferee又一次做裁判
1,三八魅力女人节，开心有礼美丽无价。女人花护肤名妆精心为您准备了多重豪礼，送给您最好的礼物，全场xx元起，期待您的光临！！！美丽热线：xxxxxxx
0,涡阳发现4个与湖北荆州“吃人电梯”同型号电梯运行立即查封
0,主讲：浙江省社会科学院副研究员郑绍昌
0,是浙江省十二种传统名果之一
0,医院真的是吃人不骨头的地方啊
0,希望阿里网商银行可以打好牌
0,暑假带孩子旅游必备药品清单
0,配置PCM业务又可以整理为3个要点：1
0,??????今天拆了枸杞味的
0,/湖南一案件当事人被指与多名法官吃饭喝酒后猝死
0,加油站里给汽车加油、充电站里给汽车充电
1,好消息，扬州一号家居馆x月x日到x日推出春季家装博览会！装修免人工费，建材、家具、家电x折起，全套方案效果图制作完毕，来就送床上四件套
1,x月美丽女人季，挂榜华联超市只为你更美！彩妆第二款半价；头饰，有买有送！更多惊喜优惠等你来！
0,六点半的飞机我已经穿着湿衣服上了高速了
0,除最后两者肯定保真淘宝买回来的基本每次都不同即使乍看都一样但材质和用后感受都不一样最近淘的这次不舒服极了基本确定是假货价格每家上下不差20元
0,企鹅qun8403061验证码555里面老师的话还是要听的
0,全省有25550艘渔船均已在港避风或处于安全水域
0,湖北省宜昌市中级人民法院在第一审判法庭依法公开
0,则成为妥善处理纠纷和解决争端的基础和核心
1,您好!感谢致电风速开锁有限公司，本公司主要经营开锁、换锁配汽车遥控钥匙，开保险柜
0,总结出智能手机和电脑屏幕散发的蓝光在夜间对人体造成的影响
1,免税费～前滩一号别墅：内部房源直降xxx万急转 开发商在卖要xxxx万，这套现只需xxxx万 x房x卫，上叠xxx平米，送xx平米阁楼
0,”随着移民量减少、建筑量增加
0,说说说说完了两轮之后~~然后没的说了
0,多家券商因交易所融券交易规则变动暂停融券卖出
0,在ed教我们做飞机杯丰衣足食
0,从最初的热情变的像个机器人…现在终于能理解别人说的在房地产公司上班
0,无锡市机械工程学会召开九届三次理事扩大会议
0,请你把手机调到TF的歌曲塞进她的耳朵里你会看到她又开始傻傻笑着坚强
0,2015年港闸区公办幼儿园招聘工作人员36人
0,MH370乘客家属质疑马方“结论”
0,真是应了那句背景：花千骨是世间最后一个神
0,「COS转载」仙剑奇缘·花千骨角色：杀阡陌cn
1,提供打卡工资流水，社保或公积金，工作证明，居住证明和水电发票，具体不了解的请来电详谈！谢谢，祝您新年快乐！
0,把我们当毕业生直接除名重新分配了我们寝室什么的
0,张铁林侯俊杰分手真相原因揭秘侯俊杰个人资料微博现状照片及现任老公曝光侯俊杰认识张铁林是在19…
0,也就一天没涂防晒霜打遮阳伞而已已经晒成这酱油色我是真的要变成周黑鸭了
0,还可以超速违法对“飙车”进行处罚
0,杭州派出所接到李妈妈报警电话
0,这样就够了~演唱会要加油哦~注意舞台啊记得
0,一个疑似飞机舱门的物体被冲上留尼旺首府圣但尼附近的一处海滩
1,女人节到了！ElV国际内衣回馈新老顾客，特推出送现金活动。全场xxx送xxx.抢购时间：xxxx年x月x日----x月x日电话:xx
0,不惧权贵忧百姓何惧终生追责慌
0,广水韩静贪污受贿商品房准确位置在3号书钉
0,你都陪你朋友来医院了你为什么不咨询一下
0,去年企业投入了8000万元完善各类硬件设施建设以及机器人的研究、制造、生产上
0,六安的商业地产将进入一个新篇章
0,经常食用枸杞的朋友应该很清楚哪里产的枸杞最好
0,做爱爱爱视频看片国产欧美偷拍网络红人嫩模日韩宅男今天你撸管了吗xxoo永久
0,同学手机号没有完全转移过来
1,媛色x月x-x日妇女感恩回馈【美容、美甲、睫毛嫁接】门店所有项目x.x折，仅此x天！您的朋友我们买单，此x天同样享受x.x折！赶快提前
0,3、我市举行系列活动庆祝第7个全民健身日
0,『xx岁湖北少年抢劫长沙金店因“觉得不公平”』
0,图为淮安市淮安区消防队在申通快递物流公司组织开展消防演练
0,认证信息为“浙江正泰电器股份有限公司邹林”
0,成为与腾讯、阿里巴巴、网易等老牌互联网企业并驾齐驱的游戏/互娱行业新生巨头
0,到南京了现在要还坐两个小时的车去扬州
0,江焱他爹违法金额3000万
0,2014年宁波港货物吞吐量突破5
0,世纪摇滚2015帕儿哈与德国全明星乐队无锡大剧院折扣票
0,是对探潮亚马逊感兴趣的相关大众获取探潮亚马逊资讯的重要平台
0,常州淹城动物园、杭州千岛湖和青岛
0,我正在城管希：你们最想看的法强蛮王
0,被害人是我的peeradvisor
0,真正具有投资价值的却长期趴着
0,我居然也看了花千骨哈哈哈哈哈哈哈看到檀木里说广西四十几度妆容易花我怒了……有本事不在我桂拍
0,玩电脑、看电影却占据我的空闲时间……等到时间逝去
0,现将市人民检察院检察长白新潮提请任命詹先见等职务的基本情况公告如下：
0,昨天在地铁里看到一个外国帅哥
0,查处田晓X驾驶晋J25XXX号半挂牵引车安全设施不全
0,浙江玉環楚門教堂出現“火燒十架”場景
0,一个拿着聋哑人的残疾证和写着要捐钱的牌子的小伙子
0,其投资逻辑最基本的要点还是“干柴烈火”的逻辑
0,她若在普世观念中受到不公对待并与之抗争
0,甚至是会不会念高中到一半就出国这种事情
0,恭喜乾颐堂熊同学顺利PASSCCIE安全lab考试
0,也是稳投资稳增长的积极举措
0,恢复皮肤光泽和弹性~搭配葡萄籽精华一起吃效果更好～美白祛斑防晒
0,台南朴实的民风、古老的建筑
0,虽不懂股票但大方向不会错
0,今天是你的生日~而身为你的女朋友我却不能陪在你身边~今天好想和你一起逛南京路、吃晚饭、吃蛋糕、看电影、看上海的夜景呀~生日快乐
0,3D打印手环…设计师应该设计过坦克吧
0,采取了盘中暂停证券账户交易的监管措施
0,在镇江火车站看到好多兵哥哥还有军车
1,xx=xxx。这是真的，真的。韩后春季大优惠啦！原价xxx元的水精灵精华液现在只要xx元！同时赠送xx元代金券！只有xxx瓶，只有xx
0,孫猛虎x孫萌虎公主喜歡玩的大小姐遊戲為何是瑜陪呢
0,保证电脑端已安装zune同步软件
0,听说她们都在常州嗨～～我就看你们刷刷朋友圈就很满足了
1,【首开花郡】本周六邀您猜灯谜赢现金红包！ 翔安正中心xxx平电梯洋房xxxxx元/平起！ 带厦x户口， x月全面入住！高琪：xxxxx
0,东港交管所采取加强宣传教育、开展安全检查、完善应急预案等措施
0,一个真相：全球只有一个超级大国
0,我刚刚看了一会儿中国好声音的回放
0,"110623KBS玉珠贤的歌谣广场金贤重说：""受人之托的事情不好拒绝"
0,下班前才看完电梯吃人的视频
0,登高电影院：支付8元或667积分下载
0,今天x时其中心位于嘉兴东南方向大约xxx公里的东海海面上
0,提升逼格利器惠普EliteDisplaySxxxc曲面显示屏来了
0,某路痴第一次独自坐地铁上班成功没有走丢
0,我估计南京大屠杀的仇就报了
0,OfficeMobile与OneDrive紧密集成
0,五是明确了违法发布互联网广告的法律责任
0,讲座邀请河南省人民检察院检委会专职委员、正厅级巡视员冯中华教授授课
0,宁夏自治区检察院依法决定对夏夕云立案侦查
0,赠送04年吉林长春产安宫牛黄丸一粒
0,有谁知道艺兴几点的飞机到成都双流机场阿
0,2．以向其他企业借贷或者向本单位职工集资取得的资金又转贷给借款人牟利
0,难的是买一部买入时xxxx元的手机
1,平安易贷可帮您获取所需资金，无须抵押，手续简便快捷，快来申请吧!，在申请时输入我的邀请码xxxxxx，邀请码有效期至xxxx年xx月xx日。
0,2007年、2009年入狱两次
0,试问xx年前修建虹南路你们对河深桥村的征地赔偿搞清楚了没
0,中国潜艇曾突破美航母防卫圈突然上浮
0,8T所带来的242N/M动感能量
0,法国蓝蛙机器人公司开发出一款外形暖萌且……
0,仇恨后悔隐忍撕心裂肺声嘶力竭
0,回到家发现弟弟居然是exo脑残粉
0,主要居民为城市小贩或苦力工
0,??双V领大红连衣裙??红色就是夏天的颜色
0,是上海地铁唯一的环线4号线和内环高架路交汇处
0,“我爸爸2003年10月26日死在九寨沟
0,以后是不是把iphone放上去
0,不是每个人都有面对真相的勇气～特别是关于本性之类的东西～所以有些事情自己知道就好～随他们自欺欺人就好
0,『杭州官员涉强奸裸照曝光』
0,法院原来也是上来就是有效无效
0,溧阳市气象台21日8时30分
0,3、一支不会停牌退市的股票
0,如果手机上第4首歌代表情人节如何度过
0,参加中国好声音出名以后–淮北王二小博客
0,投资方已将其定位为21世纪高智能化标志性建筑
0,江苏省光缆的产量达到686
0,太坑爹了支付宝口令时间居然改了
0,有网友将乘坐地铁时常看到的不文明现象画了出来
0,还是继续享受GoogleNow所带来的便利
0,天辣在群里发个照片被众人起哄成学姐
0,因为之前忘了要给他的U盘里面是什么东西了
0,与阿里旅游携手能够充分借助双方优势
0,开发手机APP卖给企鹅公司又挣了大钱
0,互联网金融正在以每年x~x倍的速度在增长
0,手机从1米5高的手里重重摔到地上
0,5、法律、法规规定的其他法律援助形式
0,心理咨询师温馨提示：几乎所有的父母都会给得太多
0,每天都有很多客户前来咨询做代理
1,《冲上云霄》男女神三对恋人高空爱恋《澳门风云x》发哥斗智勇赢尽天下《xD钟馗伏魔》成龙演绎《xD天将雄师》订票xxxxxxxx【金字塔影城】
1,大型活动，有九家一线品牌联合举办的大型家具建材活动，活动现场可免费领取精美礼品，还可以免费抽取现金红包，若联购可根据数量不同货得家电微
0,我们业主多次找当地政府领导希望能帮忙解决
0,在苏州这个经常下雨的城市里
0,手机是我爸的旧手机
0,4庞统的经历告诉我们：长得太丑可能会影响你的应聘效果
1,宇盾防水边立方祝您生意兴隆，财源广进。本厂生产SBS防水卷材，丙纶，油毡。竭诚期待与您合作。xxxxxxxxxxx
0,昆山马鞍山路附近发生一起交通事故
0,一个人要在x天时间内做完一个月的活
0,xxxEa推荐原因：这款SchiffGlucosamine氨基葡萄糖
0,一家小龙虾O2O外卖真的太牛逼了
1,我是小张，恒大帝景x号楼火热认筹中，xx平方三房，紧邻吕才庄河，截止x月x日前认购客户，老业主有额外奖励，新业主尊享额外xx折，快快告诉身边的朋友吧！
1,好消息；韩国双飞近期特价xxxx/人，三亚双飞特价xxxx/人，北京天津加华东五市双飞单卧xx日游报名送云南双飞（昆大丽）x日游，九寨
0,hbvwr追剧以来最有意思的事竟然是本来冲着白子画去看的花千骨
0,刚才一哥们儿跟女朋友坐地铁
0,加油可能是你表达关心最好的方式了
0,google地球已经进化到如此地步
0,随后在互联网金融及其他互联网板块带领下市场迅速
0,PPP模式对基础设施建设发挥了巨大的作用
0,没错第一三共transino也是非处方的关于处方的美白针剂或者药丸我只能说你胆子大可以吃我都不敢『处方药日本阳进堂美白丸
0,期待苏州的家4添了新玩具作为果粉算是都玩过了
0,再也找不到看的了~这个电视到目前已经结束
0,这位帮助火箭在上赛季西部半决赛上演惊天大逆转的悍将
0,可以帮N多不幸福的孩纸完美了结不幸福的婚姻开始新生活
1,周氏校油泵祝，元宵节快乐，羊年发大财！专修电喷，油泵，油嘴，电路，技术领先，原厂配件，价格公道。地址，鸦岗大道集邦物流园大门口。电话x
0,2012年9月任教于呼和浩特新城区苏虎街实验小学
0,免费分享江苏7份分享贵货叶片包原文：
0,配件：苹果原装耳机xx元、线xx元、充头xx元
0,亚马逊曾秘密要求监管者调查市场领先的出版商
0,中国好声音里面的yellow是真黄色
0,谷歌新技能独领风骚、CtrlOne智能眼镜别具一格、松下穿戴机器人眼前一亮、穿戴显示器Vufine“然并卵”
0,中国地震局和山西省政府的合作开局良好
0,江苏省常州市新北区丽江社区大李家大队长李纪国利用自己的权利
0,“大小S为什么做不到反倒觉得自己晚探望才是尊重才够好
0,环球港电梯里偶遇野生女仆海妮…站在妮可身后xx多秒
0,团队来自谷歌、阿里等知名公司
0,消费金融也会在相当长的时间内成为不断扩容的蓝海
0,图1是黑虎泉图2是白石泉图3是趵突泉
0,南京一男子驾新车油门误当刹车骑上行道树
0,每个人都喜欢真相和惊喜对吧
1,和盛正阳石业开市了！主营各种大理石、花岗岩、圆柱及异形石材，欢迎新老客户光临订购！地址：新郑市薛店镇众合石材产业园xxx号            新郑市薛店镇众合石材产业园xxx号电话：xxxxxxxxxxx（欧阳）
0,用化妆棉蘸化妆水轻拍于脸部
0,主题：坚持党对法院司法体制改革工作的领导宣讲人：陈旗
1,各位老板新年好，杭州远博光学测温仪新年大优惠，xxxx年x月底前购买光学测温仪享受优惠价格，全套xxxxx元（原价xxxxx），并赠送一年延长质保期（价值xxxx元）。五年以上老用户可以旧换新，旧机可再抵扣xxxx元。机会难得，x月起回复原价。杭州远博科技有限公司祝各位铸造同仁新春快乐！
0,IBM抛弃了thinkpad
0,梁某因涉嫌强奸罪被当地警方刑事拘留
0,2015夏季女装新款韩版显瘦宽松中裙修身大码短袖夏裙棉麻连衣裙女
0,奔驰新CCLA钻石中网风刀同时开工中网现货只有一个欢迎咨询
0,不知道为什么现在特想回无锡吃灌汤包
0,他们每天都在58同城上发布假信息
0,然后南京hereiam
0,微软以后推出软件的思路可以更换下了
0,电脑君要是能在我手里挺过三年
0,今年谷歌将带来两款Nexus手机
0,报考条件：中专毕业+5年大专毕业+3年本科毕业+1年徐州助工评
0,最近利用坐飞机、火车和跑步的时间看了几集虎妈猫爸
0,早起来办公室准备撸袖子大干一场然后电脑中病毒了啥也干不了到现在了才弄好好了我开始挽袖子了然后再说一句咋有眼袋了
0,也不懂为什么浙江卫视这么捧她
0,即使我打开电脑第一件事就是打开QQ和微博
0,在新出炉的五彩缤纷的TCL三个字母下
1,热烈祝贺第八届中国东部包装展览会于x月xx日在临沂国际会展中心召开，鲁苏豫各大印包企业前来采购，诚邀您参加xxxxxxxxxxx王力 包协
0,515个难以安眠的日日夜夜、等待真相
1,初x数理化语英中.考保Ａ班、各 科（全曰制）x~对~x：x月xx日開課，長郡、雅禮師資，东塘步步高xF。xx-xxx-xxx【至學】
0,米朵是一个很有设计才华的人才
0,然而Android被批评对IPv6支持不佳…
0,下午4点才下飞机的日本女足不得不取消下午6点的场地训练
0,『Google发布AppEngine的Go语言通用版』
0,不得不说前30年被爹保护得太好
0,中文名：特种警察外文名：SpecialWeaponsAndTactics别名：特警、战警、SWAT、反恐特战等作用：反劫持等CQB任务
0,人生的坎坷是人的精神财富
1,为感谢新老顾客，劳动路哥弟店特在x月x号期间，推出到店有礼！另有时尚新款，还有从广州过来的专业的搭配老师驻店，为您打造美丽，活动时间:x月x日-x月xx日！赶快来哦！—等待你的到来！^_^
0,787和331在起点站东山公交场附近的茅店山中路站等了一个小时了
0,另一方面政府政策推出了可持续发展绿色
1,(x/x)尊敬的客户，欢迎致电本店。本公司x店联营万套房源，多家银行合作，另本公司代理多个一手房楼盘，我们有专业的团队，将竭诚为您服务！预约
1,尊敬的客户你好，为答谢多年来对双推堂的支持与信任，我店在xx年店庆之际，推出前所未有的优惠活动:   充值满xxx元送xx元，满xxx元送xxx元，满xxxx元送xxx元！欢迎您光临。时间x月x--xx日。双推堂理疗馆xxxxxxxxxxx
0,原本可以关联券商的的地方显示“因系统
0,但不能因为举报目的而否定事实
1,亲爱的家长，您好。天使童画xxxx年春季班即将开始。考虑到家长们对我们的书法教学可能还不是很了解，天使童画特地举办一个说明会。软笔书法班的说明会，提供试听的机会。时间为x月x日（星期一）晚上xx:xx。硬笔书法班是x月x日晚上xx:xx。由教书法的任老师主讲。地点位于天使童画基地教学点。即之江东路xxx号(梦琴湾小区面江商铺)希望您能抽空前来参加！谢谢！
0,安徽固镇耗资近亿元建办公楼
0,上午至枸杞之乡精河托里买枸杞
1,丰宁县益丰。雷子种子农药门市搬迁至县城南大桥转盘xx菜市场门口对面。地理位置优越。交通方便。在xxxx年到来之际为了答谢各位新老客户。在保证质量。包装重量的前提下。保证市场最低价销售。欢迎光临。xxxxxxxxxxx.预祝您新年快乐。郑云雷。
0,四川上半年查处县处级以上干部贪污贿赂犯罪100余人
0,我正在看去海边旅游需要带些什么
0,现今的手机电池技术并不能满足我们的巨大需求
0,我们的小VIP用软陶做了一个双层樱桃翻糖蛋糕
0,我通过xxx手机卫士举报了x条垃圾短信
0,他看见母子两个人没戴安全帽上路
1,韩国PHC离合器全新产品到货！非营运车辆，享x年或x万公里质保，百喜特润滑油享x年或xx万公里发动机大修质保，百喜特电瓶保装车xx个月
0,该游戏目前已登陆在GooglePlay
0,苏州大光明影城这次告白场组织的相当不专业
0,无锡市现代农业研究院创建的“康导生活网”农电商购物互动共享平台正式发布
0,不管是战日拍还是amazon还是虎穴还是各店铺特典之类的都ok
0,赔偿附带民事诉讼原告人各项经济损失共计366万余元
0,江苏：男孩遭多名初中生木棍殴打致死
0,坐飛機加上這樣的情緒配呸
0,预计M4会搭载与S55相同的涡轮增压版3
0,然后又回到原来的问题了我把爱情当投资但我并不具备承担风险的能力
0,新片拍摄中…等你杀青来昆山
0,仙侠大剧花千骨暑期正在掀起层层热浪
0,2015年大崗山龍眼蜂蜜文化節8/1已在大崗山風景區如意公園熱鬧展開
0,私募对冲招聘量化投资经理助理实习生
0,我不该手贱去看ibm的TSDL是做啥的了
0,期货铜Cu1509维持前期判断
0,同时维持欧盟AA长期信用评级不变
0,敷着DC就跑出去????是DC给了她勇气??每个用着dc的宝贝都是DC最好的代言人DC会因你们而长久稳定的发展下去
0,100米自由泳冠军就如田径场上100米飞人冠军一样抢眼
0,今天在河南省人民医院帮姥爷拿药
1,欢迎您致电武汉胜速物流有限公司（原黄金物流）！本公司主营武汉至宁波公路运输往返专线、辐射浙江全境，地址：东西湖区九通路天黎九通物流园内
0,この男、刑事で仮面ライダー
0,妈个鸡出师不利本来就不想回去飞机还他妈妈妈的晚点一个半小时了已经操操操早知道老子真的买明早的飞机还便宜驴踢了门夹了麻痹飞了操
0,甲骨文也应该是先用毛笔写出
0,盼学校死刑都无法消除孩子家人的伤痛
0,??初秋高级定制韩国官网款清新休闲的套头卫衣
0,因为怕知道真相的过ta受伤害
1,小学生英语学习出现两极分化，二年级入门是关键。腾跃英语帮助您的孩子打开英语学习的大门，成为优等生！咨询电话：xxxxxxxxxxx
0,当你坐上飞机在上面俯视它的时候
1,学府们澜湾二期周六开盘，南北通透，xx平一一一xOx平米，均价xxxx元一平米。土桥免)费班车，电话，xxxxxxxxxxx
0,暗示即将发布一款名为8848的智能手机
0,亚马逊将为美国大使馆农业贸易处推荐的美国企业提供选品策略、跨国物流、清关手续、专业营销方案等方面提供服务
0,岑溪市人民法院以原告梁某辉等人不履行解除合同通知义务
1,沈阳卓展三楼丹麦琥珀屋x月x.x.x  日三天为迎接三八妇女节，回馈顾客特推出部分特价商品，邀您提前莅临参观选购.
0,完全想不起电脑里有些什么珍贵的东西
0,准备搞个活动送手机美图M4已经买好啦
0,经营的货有纯原/专柜瑕疵品/原单/组装原单
0,这是丹徒企业积极投身文化和社会事业
0,联系电话15805630102
0,再次来到徐州没有馒头手撕鸡和凉菜硬是把杂粮饼吃了个够就着蝉鸣原来是一样的味道
0,华尔街日报中文网onTwitterviaInstapaper
0,他兄弟三人开办的MMM公司取得了疯狂的业绩
0,半夜1点15分经过供电局师傅枪修我们小区恢复通电了
0,公交集团和比亚迪汽车举行天津比亚迪新能源客车基地竣工仪式
0,我刚收到一条来自10658000888的彩信
1,感谢致电国通快递汽车东站分部，专业提供国内外快递、上门取件、代收货款等服务，快捷而周到是我们的宗旨！地址：东岸锦城Bxx栋xxx。
0,SHL远程医疗将由此成为上海九川投资的全资子公司
0,把蒸汽眼罩都拿出用了、说什么舒缓眼部、释放蒸汽能让人心情放松
0,新能社交金融APP值得使用
0,好久没这么好好自拍了今天过瘾了相机里的照片晚点导出来先来几张手机随拍
0,早上乘地铁站着都能碰见旁边一对秀恩爱
0,在阳江海陵岛大角湾偶遇我恒球迷
0,我省目前已实现36种公证事项网上办理
0,298买一套韩束墨菊保养自己贵吗
0,10款手机游戏、40余个广告位
1,新年好：      我是魏小妹，跟你讲一下，格力公司x月x日在搞万人空巷抢格力活动，活动力度非常大，好多人都认筹了，你如果今年内需要
0,一名30岁的女子因踩到了松动的扶梯踏板
0,而她刚刚拿到公司offer往partner的门已经向她打开
0,刚来的实习生我问他怎么不带冬天的被子来上班
0,只有穿pve的二少能打死我你造吗
0,HR问我看过腾讯哪些广告我说微博上有个浏览器搞了个我要的现在就要问我还有哪里看过我说公交站牌正想说李易峰演唱会然后HR打断我说
0,科普：公交卡和手机放一起会消磁吗
0,以光速下完腾讯微博之后傻白甜的评论了三条
0,为了不让Lofter沦为大吐苦水的垃圾桶
0,有些搞不懂电脑型号和软件版本的可以去这里下载
0,官商勾结勾连欺侮平头百姓不问
0,知道我杰哥在某卫视是黑幕后
0,最不愿看到的是把医院当美容保健店
0,完全就是一个敛财连带歧视未婚生子者的存在
0,40天训练中的每分每秒都让我痛恨不已
0,下面就由我们来带领大家走进燕大
1,德清永根钢材有限公司新春大优惠，沙钢每吨xxxx元起，国标每吨xxxx元起，联系人：陈琴琴，联系电话：xxxxxxxxxxx，xxxx
0,滨海度假就率先引领了中国旅游地产的潮流
0,没有什么更疲惫了…
0,回憶一下我們的Parade吧
0,记者在位于淮安金湖经济开发新区的银涂镇工业园区看到感人的一幕
0,去个旅游车票门票酒店啥都我订
1,移动宽带，新年特惠！不一般的价格，飞一般的速度！          xxM光纤最低xx元\月，xxx元\年，xxM光纤最低xx.
0,OHYES我才猛然意识到我终于在墙外了
0,求扩散?网页链接希望爱心人动动我们的手指
0,只能求助电脑管家的专家协助了
0,仙居上张乡村旅游节入场券
0,即将开学季旅游季双肩清爽来袭嫌MCM贵的可以下手TW了保证正品哦
0,总之就想送你们一句话长亭外古道边芳草天
0,SlashResistantGlovesCutResistantLevel5EN388CEApproved凯夫拉防刀割手套1对装$8
0,无论是政府行为或是个人行为
0,真心希望医院不要给我打电话
0,超水水的感覺防晒隔离的同时也滋润妞妞们的肌肤
0,再考虑加上刘青云和张家辉吧
0,谁知道城市孩子到了18岁还有没坐过火车的
0,蠢狼说听到她手机好多新消息通知声于是拜托机智聪慧的我替她发个po
0,我一看说：让我有股想犯罪的冲动啊
0,鉴定结果印证了马航MH370客机失事的结论
0,南京我跟uncle又来会你了
1,三八妇女节，咱们女人的节日朝阳一街阁兰缇娜健康专业调整型内衣店，在公司的支持下，x月x日到x月xx日为咱们女士朋友谋福利，购买内衣第一件原价，第二件打x.x折，另送美人杯一只！欢迎新老客户的光临新款到货了！
0,但由于行窃者两次盗窃总价值没有达到500元
0,从PC转向手机、平板手机和平板电脑等
0,"地都干了…台风""灿鸿""今天凌晨离开浙江"
0,呼市赛罕区政府西把栅乡政府勾结国际蒙医院拖欠徐家沙梁上千名村民三座高层回迁房
0,40个人先后在这里被挖出了内脏
0,中国十大神秘事件至今无法解释之中山大学永芳堂
0,复原当年xxx壮士战斗的真实经历
0,云南路社区参加在下关大厦举办了为期一天半的鼓楼区全科工作培训
0,鄞州区城管局环卫处金处等一行3人
0,驾驶全新晶锐CRC战车夺得全场第三名
0,防晒霜正确涂抹手法取足量果达儿多效防晒霜在指间或者手心
0,在副驾驶两侧还都设计了储物格
0,这对飞机来说不公平UP主
0,确认孕妇可以乘飞机的最大孕周数
0,应该都去心理疾病中心你们活的也不快乐
0,就使用我的邀请码n75h7b下载并登录浙江移动手机营业厅
0,―罗曼·罗兰人生是一场无休、无歇、无情的战斗
0,第三张根本就是个残疾这给我逗得不行不行的了
0,棕色拉链设计的斗篷大衣刚好遮住手臂的小肉肉
0,就使用我的邀请码n9kye6下载并登录浙江移动手机营业厅
0,宿迁横店影城7月17日影讯
0,剑君这个画集来拼单的汇率算54↓↓↓找我拼或者想单独下单其他剑君相关物也全部汇率54
0,若是女票问到什么是汽车防抱死功能
0,经常这样我觉得爸爸其实是很累的
0,我从昨天各种到现在为了找回号各种方法都试了限制功能以后眼睁睁看着我的顾客消息却不能回复然后有的顾客删了我
0,该飞机对跑道要求不高也决定着其方便和快捷
1,为了我们女性三八妇女节，本店特推出优惠政策，，xxxx元可享受胸部护理xx次，面部护理xx次，眼部护理xx次，本次活动三月八号只一天，
0,这样很容易患脂肪肝等“肥胖病”
0,为己不为民的官僚、腐败漫延的基础
1,伊布都最美的女人节，限时活动开始啦，全场x.xx折，在这特别感恩女人的节日里，在这美美的春天里，伊布都愿与您一起将美丽进行下去！
0,点爱心的时候真的是biongbiongbiong停不下来
1,招文员一名，男女不限，学历不限，工作认真负责，不会可以教。地址:义乌江南三区xx栋旁边六层楼白色厂房四楼，即中心医院背后商苑电子商务园
0,这名84岁老人名叫EdKusmierk
0,市北区将安排2000万元的大众创业发展资金和1000万元的人才发展专项资金
0,因为天气原因飞机延迟一个小时
0,王石：“汽车、飞机为什么有安全带
0,一个不到2平方公里的小村子置于工业化水平发展较高的浙江
0,在安徽合肥举行的第xx届RoboCup机器人世界杯赛上
0,有9只杠杆基金要小心了　　杠杆交易是一把双刃剑
1,"您好!凭此短信可免费领取邀请函!北京卡洛斯奇装饰""x.xx""百城联动钜惠（暨唐山分公司开业酬宾）双重优惠。凭邀请函进店可免费享受三重豪礼：百元大礼包、幸运揭红包、鸿运大抽奖。现场签约铂金工程、风水设计"
0,Robocup机器人世界杯赛将于明天在合肥正式开始
0,相声名家张永熙先生于2015年7月16日下午15点逝世于南京
0,这两天手机要开飞行模式……
0,在airbnb和booking上面找欧美房源短期居住的一个心得：西方社会不讲风水
0,最好的双开给前十老大们选取
0,温馨提示：出门防晒选水晶喷雾
0,六月买的小时代4的票今天没时间去看
0,突击对市内6个收赃销赃单车窝点进行查处
0,IC卡刷卡按普通公交车标准执行
0,可能也就是海报上设计雨伞的原因吧
0,今天德国总统阿希姆·高克携女友丹妮尔·夏迪特在圣三一校长及其他工作人员的陪同下参观了著名的圣三一长厅
0,有D執著另我自己都覺得不可思議
1,艾诺疤痕修复美业，迎双节免费修复疤痕x天，优惠xxx元，地址五星北xxx米路西。
0,4个小时就起床了我已经觉得我精神力算强的了只稍稍有点走神
0,大佬疾呼机器人来了硬蛋助推人工智能未来
0,原料取自天然的果实AHABHA配合制作而成
0,被告A公司提出鉴于其和B公司之间存在厂房租赁关系
0,据庐山区分局十里派出所民警介绍
1,现在就开始计划您的下一个长周末假期！从今天起，任何亚洲分周交换即可享受xxx人民币折扣*。优惠期有限！致电xxx xxxx xxx预订
1,亲，x.x-x.x全场xx-x相当于八折！买满xxx现金送xxx原价卸妆油一瓶，再送xxx-xxx优惠券！有需要联系我！吴中新苏DHC
0,你他妈一个路上拦路抢劫的也赔
0,标签：转载当故事听
0,看来我陪她时玩手机太多了
0,我会错把夜空中高翔的飞机看做星
0,今天回来的电梯在四楼的时候门关不上按了几次到三楼有人进来以后门就怎么都关不上了人都出来以后那电梯就在三楼自己开关开关关还关不上
0,设计师采用了挑高空间的吊灯设计
0,大连腐败的政府…华北路天天挖天天修…一夜大雨都禁不住的大连排水系统…曾经的大连哪里去了
0,他妈的今天那个护士怎么不去死啊
0,超乎寻常的投资决策速度……在这场“资本狂奔”的背后
0,其余班次7月13日全部恢复正常
0,为什么腾讯视频缓存的视频看起来很卡
0,之后被越来越多的设计师与创业者进驻
0,省委巡视组反馈16县区巡视情况
0,两名医生身份的乘客和工作人员一同抢救
0,农业部和法院是要至中国人民于死地了
0,及时查处用人单位侵害农民工权益违法行为
1,现在我们打算再推部分单位出来！针对这批单位，我们会先进行认筹，现在交x万诚意金，就可以可享受开盘额外优惠！现楼发售，数量有限！联系人：
0,向社会公开曝光了20名终身禁驾名单、10家多次违法企业、50辆多次违法车辆、10起典型交通违法案例和10处重点危险路段
1,莫名女装三八节活动巨献：全场新款x折    大衣低至x折  更有指定款一口价   欢迎前来选购！
0,就投资个几百还要考虑来考虑去的没胆量没胆识目光短浅能干大事吗
0,有没有人在7月28日晚上或29日
0,沪指已经突破了颈线位4000点
1,亲，x/x号～x号薇姿单品满xxx减xx元，美白第二件半价，活动不同享，再享x.x折优惠（名品村屈臣氏）
0,选择至少xxx家用工较多的企业
1,买家具选玛格，真定制，真专家，x.xx重磅出击，进店抢红包；xx元豪礼大换购，全年仅一次，心动不如行动。详情进店咨询。电话：xxxx-
0,这意味着原定自今年3月开始逐步实施的广东省内国V以下排放标准二手车流转禁令有望在今年年底取消
0,妹的大老爷们哭哭啼啼的算什么毕业后想去苏州或者镇江想从新认识你从你叫什么名字开始总有一天
0,若中国有才强奸判死刑这法律
0,黄奇帆：金融的本质就是三句话的文章在互联网中广泛传播：一是为有钱人理财
0,当初在无锡上班的时候谁口口声声说要我回来的
0,司法所协调好了赔偿事宜：张某共计支付6万元赔偿金
0,使孩子们迷恋手机行为怪异偷偷上网
0,江苏省舞蹈教育研究培训基地
0,这千千万万的法院人不是司法改革路途上的观望者
0,因为那会使我们变成资源的奴隶
0,井宝要来无锡约不约约不约
0,有時好像真的挺不公的那麽努力到頭來還不那樣人家就不同就比你diao啊怪誰呢怪我咯這是命得認然並卵以後走著瞧吧
0,再也不用担心旅游的车费、景点的门票、以及老是饿的肚子
0,所以即使我脱离父母的保护伞我也不会害怕
0,专注于服务营销团队运c营管理体系搭建、心理学在服务营销中的应用咨询培训等
0,为迎接x月x日中央电视台来拍摄纪念反法西斯战争胜利xx周年活动
0,无锡最安静的地方非此地莫属
0,中国人寿广州分公司招聘业务精英
0,我们“如新的修身美颜SPA机”哪里不通刷哪里
0,我的Fitbit健康数据2015年8月4日
0,1988年8月8日强台风袭击浙江杭州
0,一盒大葡萄籽25袋296每袋10块钱左右2
0,预计在2020年之前将有7亿欧元投入5G研发
0,本来就痛的右肩越发痛了……
0,省人大副主任毛光烈来到大江东新松机器人基地
0,让我想起了金贤重在江苏卫视跨年演唱会的时候
1,客户前来惠顾。   另有一批高分子脚线生产设备四折处理。   垂询电话:xxxxxxxxxxx。
0,分手第一天：无锡下了点小雨
0,总是想给你自己定位到后来发现文艺清新复古英伦欧美朋克街头休闲韩版日系中国风明星同款都无法定格我所以……简单就好
1,十万火急！！！南郊地铁口旁，知名品牌，龙湖地产开发，龙湖花千树临街独立旺铺，交xx万抵xx万优惠活动，仅限x天！          x
0,腾讯悄悄放出了安卓QQHD新版本
0,HT那首关于370的歌从他发歌那天就一直是我手机铃到现在竟也舍不得换了
0,姓金的是冒充星星的不可能的那姓金的我不可能让他冒充星星的他现在想讨好那些人然后让那些人帮助他冒充星星可能吗不可能杀人偿命死死刑还有王芳不可能冒充我的母亲的
0,一部手机就可以做生意x
0,飞机的滑行与制动要求轮胎具备良好的防水滑功能
0,一老农见了嘀咕道：这汽车配牛
0,宜兴日报社社长程伟与佛山紫砂爱好者谈起了“文人与紫砂及紫砂的美学特征”
0,街道城管科与金城花园物业商议本月20日在金城花园举行的废品置换鸡蛋活动方案
0,浙江常山发现抗日勇士墓碑市民呼吁妥善保护7月5日
1,尊敬的VlP会员:              你好!建设路意尔康专卖店依旧换新
1,三●八节，雪伦又有新活动啦！即日起至x月xx日[玫瑰][玫瑰][玫瑰][玫瑰][玫瑰]凡购买任意一款义乳（游泳义乳除外），即多赠送一件义乳专用文胸~[玫瑰][玫瑰]另，凡购物满xxx元
0,壹房东要做的是没有中介
0,11点从西安坐上回呼和浩特的飞机
0,3外汇货币交易分析策略
0,整个演唱会都在跟着唱感觉嗓子都要哑了都心疼主唱
0,姓名颠态性带来25英尺到50英搜集到大量关于野人存驼色休闲鞋+蓝色毛线烂部分也有毒
0,同事在他的电脑里发现这样一个文件夹“老板你妹
1,李先生您好，我是刚给您致电的阳光xxx芒果town 置业经理鲁珊，我们项目位于广州北核心发展区，均价xxxx、送装修，送户口，不限购，
0,刚一查芝麻信用最近竟然过700了
0,土豪老板为其投保了20万英镑保险金的“人身保险”
0,他曾担任NBA多支球队的总教练
0,对电瓶车违规加装遮阳伞、载人
0,估计只有smate才能开过来
0,③是B族维生素和微量元素的好来源
0,爱看花千骨精通扑克牌懂得魔术的解密
0,SarahChapman销量增长50%
0,办公楼洗手间的自动感应水龙头简直是我等重度洁癖患者的天使
0,以为是后囟门就没在意现在一周十了后脑勺小包还在触摸的话像鼓起的血管按下像没闭合的囟门面积x
0,伊斯兰式建筑与火车这种工业时代产物搭配意外的精彩壮观
0,小受强权之下只能加倍努力以泪洗面
0,4、轮胎因修补过有内伤或轮胎帘布层有气泡
0,为什么允许财政对地铁和公交进行补贴
0,预计未来x小时内常州南部、溧阳大部分地区可能会出现雷电、雷雨大风等强对流天气
0,我现在这160多美元都不知怎么回事
0,x、一汽大众团队没有过过真正苦日子
0,1、看不惯没搞清楚事情真相就开始挑事
0,话说最近看上了一篇女主是Alpha的言情但是作者似乎坑品不太好……
0,他认为他的许多所谓顾问是世界和平的威胁
0,就是今天凌晨2点多钟抓了个小偷
0,开工兴建于1973年初的里石门水库北干渠工程
0,再推多渠道股权融资让巨量现金进入股市
0,股指期货在3800点遇到大压力
0,要求手机用户在办理手机卡时必须以实名制的方式注册登记
0,6、8月7、12、14、21日桂林汽车四日游
0,"痛了一天都不去医院……男的看着女的痛也是""你还好吗"
1,你好，华夏银行针对公务员事业单位大型企业客户推出个人无抵押免担保信用贷款，凭身份证有效证件就能办理，利息最低至x.xx，随借随还，下款
0,com工作地点：北京海淀专职
0,24亩优质地块在郑州国土资源局交易大厅挂牌出让
1,劲松电器韩俊学重回上班，感谢朋友领导的支持，空调批发价供应xxx套，x.xx匹空调xxxx元，x.x匹变频xxxx，劲松小韩xxxxxxxxxxx，xxx号停用
0,如果说认了亲戚就代表着腐败
0,/男子在派出所旁强奸女孩被捕时裤子还没拉上
0,15岁以上每日1次2粒随时服用
0,投资者依然在偏向于恐惧一侧
0,听说微软全球正式发布10的系统了
0,位于南京市京市雨花区科技软件园花神大道x号
0,富含人体17种氨基酸、粗蛋白、粗脂肪、是“药食同源”植物
0,戳图↓↓关于防晒霜的x件事
0,通过不同机构的组合来实现特定的机械运动
1,亲促销已开始x.单张订单购任意幻时或幻时佳产品满xxxx元即可免费获得幻时水      x瓶＋维Cx支（xxx元）和新品亮采迷你装x套
0,国家队拉升金融板块、煤炭股进行护盘
0,3、国家能源局：大工业用电需求预期持续好转
0,江苏舜天股份有限公司关于控股股东计划增持公司股份的公告
0,不小心把电脑里的照片全都搞丢了麻痹以后记得多备份好吗
0,波及市面95%的Android设备：近日
1,布棉服一口价xxx元，xxx元，兆君x.x折，现场更有惊喜多多，来时记得联系我，服务热线  xxxxxxxxxxx
0,2、杏仁绿豆粥功用：降低心脏病和很多慢性病的发病危险
0,真相往往是看不见听不见的
0,对于下一代Lumia旗舰机型的猜测
0,保险、互联网+、云计算、开放平台……潮流前沿的工作在召唤你
0,认证信息为“电商顾问代表项目灵灵鹿、奇宝旗舰等”
0,电梯事故只有发生了才会得到重视么
0,搭配上复古印花的高腰leggings
0,丸子跟欧B是高中同班馁~~~还有个南京本地的命运之子
1,我们提供手机xxx天每天xx小时给客户随时询问题，我们还免手续费代办违章丶代交车船税与年票丶代办驾驶证过期换证等服务，而且xxx或xx
0,66元每天打电话叫你起床期限两天红包131
0,却依旧没有胖的真相是别人看不见的时候我根本没有吃饭
0,“清官”——俩小偷盗窃宿迁一财政官员办公室一无所获
0,并与海门兴旺的厂长唐卫娟女士合影留念
0,中国国奥队首战68比64险胜伊朗队
0,大数据读绿地：历史探寻与战略剖析
0,像小偷一样卑微分享单曲
0,检察机关提起公益诉讼试点工作开展在即
0,大姐的100和我的100还有my丹丹的100
0,出掉永高股份股票实在没法玩
0,德鲁克认为：先有目标才能确定
0,新品推荐：CalvinKleinColorBlocked男士长袖衬衫
0,被誉为“目前柯马机器人中‘颜值’最高的机型”
0,敏锐的人应该也从社会金融等各层面有所感受
0,不是老百姓所谓的潜规则腐黑乱只要我是老板绝不允许任何黑幕和潜规则存在
0,4人受到开除党籍、撤销职务处分
0,2名在读研究生在秦皇岛东浴场游玩险些丧命
0,刚在博思乐高机器人活动中心摇到了免费好东东
0,恒顺众昇涉嫌违规遭证监会立案调查
0,真相将大白于天下辛酸所凝铸的汗水将一一得到补偿
0,天了噜~这一对桃红桃红的大褂儿真是够了
0,咽喉炎折磨得我去诊所开了点药
1,您好!我是晨月的店长，感恩回馈，三月六号至三月十号，全场护肤，彩妆满xxx送xx，更多优惠欢迎进店咨询
0,在面对他人对你的质疑时我只有气愤
0,/江苏省：苏州已婚男伪装加拿大华裔拍受害人裸照骗色骗财
0,早安才月頭就被七八筆按揭壓得喘不過氣不過加油要加油才有錢吶
0,2015年1月9日四川郫县4岁男童豪豪在幼儿园里致死
0,浙江湖州市安吉縣一個商務觀展團
0,是言过其实的装|翻开朋友圈
0,感觉跟好声音转身一样一样哒···
0,爱的深沉的花菜清水里涮一下就捞起来了盐都没有
0,s的加密搜索一劳永逸地解决了中国用户对于google搜索的稳定性问题
0,当看到18条村庄几万亩的口粮地被强征强拆、暴力掠夺
1,疯狂特价，美国约克空调xxxx元起，地暖xx元/平，还更多优惠供您享。 期待您的光临，祝您生活愉快。 地址：城东大道xx号鸿华SOHO
1,迎三八感恩回馈新老顾客：原价xxx元的美肤无瑕润肤xx件套现特惠xxx元；还有其他特惠项目欢迎新老顾客前来选购。地址广东步行街巜品味女
1,劲爆好消息，蓝光商业年终大优惠，C地块住宅底商，位置好，朝商业街，小区大门旁，一楼xx-xxx平，价格x.x万-x.x万，二楼xx-x
1,大哥你好！我叫杨小琳，是重庆商务职业学院的学生。你号码是朋友告诉的，说你人很好。我家里遇到困难需要五千元，我用第一次跟你换。
0,真正触犯了道德底线、法律的
0,7月18、23、25、30日火热收客中
0,电脑族群受到Winxx带动
0,所有舆论都在xxx万和国家赔偿
0,没想到手机屏幕已经容不下我的脸了
0,google都把这两张放一起了
0,女子银行卡被盗刷31笔手机没收到1条短信
0,目前江苏城镇化水平已高出全国约10%
0,借网络、手机等新兴传播途径让中国梦选题进入大众视野
0,个股利好：健盛集团半年报业绩增五成拟10转15
0,昨天出去玩曲里拐弯的发现了一个有槐安桥大古树的村子话说这个小村子还是蛮漂亮的清一色的徽派建筑
0,我刚刚在天猫试用中心免费申请了美国iRobot扫地机器人
0,１天１杯咖啡有效遠離失智、老人痴呆咖啡是你每天提神專用的飲料嗎
0,今天有个人跟我说蜂蜜酵素可以减肥
0,南通西站是沪通铁路的一个中间站
0,第二针乙肝疫苗现在还没有打
0,2014年达到九十六亿颗的出货量
0,尺码x/x/x/x/xx/xxy
0,护士接着说“这就是隐形矫正的缺点
0,永不凋谢的7只玩偶机器猫+肥皂花
0,我刚刚就在小米金融领取了元
1,Oxx#，龙狗冲本期，四三合中数，买大伯，问小腰，一二属猴一三七、一十七期出玄机，羊家去狗家中数，买六六中肖，配:珠联壁合。
0,是虚拟货币+团队计酬+复利模式的完美结合
0,keepalowprofile保持低调2
0,不作为只知道举报的亮出你和曹国伟的结婚证我就信你只举报有大用处
0,“现在对350和352开头的申请者审查很严”
0,感觉每天一打开手机就要被康总帅哭在解锁打开后又要被诺一萌死然后在点击功能时又再次被夏天美哭感觉整个人都不太好了
0,难道嫌我在医院受得打击不够吗
0,zizang的日常跑到宿迁荡秋千
0,每片添加xx毫克银杏萃取物
0,从南京飞来米兰观看世博会的葛女士说他们一家四口乘车经过米兰火车站看到来自家乡的非遗展示受到老外欢迎感到很激动、很自豪
0,而是将11日17点左右在宁波到舟山一带的白峰镇地区登陆
0,浙江树人大学大一男生给力寝室舞
0,更有笔记本电脑配件全部零点利出清
0,此人的陌陌号是：265707766
0,有人去三亚旅游…我在无锡中智报课程
0,科三抽到夜路还特么电脑故障
0,教育的投资处于一个快速增长期
0,头回见大江苏这么团结…江苏的地理位置那么好
1,哥 新年好 现在 母羊羔 非常便宜 xx斤一xx斤 每斤x元左右 如果想买 请和老弟联系 xxxxxxxxxxx
0,朋友的狗在番禺石碁地铁站附近丢失
0,认证信息为“淮安杰森电子商务有限公司部门主管”
0,下载韩豆得到现金红包1
0,我轻功耳功眼功医术悟性全100
0,佛山公仔对话宜兴紫砂陶刻刻盘
0,联系电话：18583870670
0,这种只爆料不露名的行为真是奉献啊
0,玩echo萌上了这个歌手后知后觉今天才知道上了中国好声音
0,白雪公主VS冰雪王后Rap大战
0,坐地铁为了多伴几步路宁愿绕远路不然就要生气
0,人生第一部手机是摩托罗拉CDxxx
0,xxxx年度苏州市科技贷款贴息的组织申报工作已经启动
0,我是个敢于自黑的人发图的时候很怕被举报啊
0,湖南卫视、浙江卫视、江苏卫视、东方卫视
0,紫外他就是河北邢台清河人容易给人造成冷漠
1,哥您好，我是九天特斯拉全屋定制家居，刚刚给您打电话的设计师小于，很高兴为您服务。x.xx期间我们以全年最低价回馈新老客户，并提前推出了
0,夏天果然是和xxxHolic最配了
0,区城管幕府山执法中队对辖区内中央北路、幕府东路沿街店家违反门前三包有关规定的违法违规行为进行了专项整治
0,今晚22点浙江卫视十二道锋味
0,机关事业单位养老保险改革与完善工资制度同步推进
0,今天我们分享一批非常优秀的木制办公室的设计实例
0,x升TDI从xxx马力提升至xxx马力
0,海南省拆除违法建筑影响面很大
1,汽车抵押，不押车，利息x分当天放款。 房子抵押，他证放款，利息x.x，手续简单 信用贷款，法人，上班族都可以，利息x.x，x天放款，
0,因为怀孕6周之前B超除了能判断是宫内还是宫外妊娠
0,像lolita什么的更多是女孩子对于自己梦想的诠释
0,营地还有jumppillowo哦
0,以后是想改名叫孟菲斯·飞机吗
0,狼王加内特生涯回顾震撼大片即视感
0,能找到一个跟我足够契合的人
0,本应该明天启程去苏州的我们
0,去看家教老师高三寒假天天去到腻烦的地方买地铁票时竟然忘了该在哪站下了QAQ有些日子一去不复返了
0,高呼口号：“还原历史真相”“拒绝台独洗脑”“日本强拉民夫强拉慰安妇从未道歉”“钓鱼岛是中国的”
1,小魏美容养生馆喜迎x.x妇女节，好礼赠佳人x.碧修堂化妆品人民币尾数xx数字xxx可抵xxx元。x.圣蜜莱雅全场x.x折优惠。x.温碧泉第三款x.x折。明星单品买多少送多少！限量防晒套盒特价套盒抢到赚到（x月x日～xx日）转发到朋友圈三次当天进店还有神秘礼物一份哦
0,〈城管队员勇救溺水女童〉７月２４日中午
0,对入驻材料市场及在滨海投资办厂有着强烈意向
0,仗着未成年人的保护伞胡作非为
0,大晚上一个人去医院的感觉再也不想经历一次了像是死了一遍
0,我坚决抵制一切弄虚作假行为
0,下飞机见到豪华山寨版李钟硕然后地铁里迷路误打误撞进入一家小面馆饺子不错吃住处卫生间不能洗澡房东请我们去大澡堂泡汤爽爽的不想离开
0,希望政府给予他们更多的自然灾害补贴
0,我人生中第一次坐飞机就是这样的天气
0,它个性的设计也使越来越多的宝贝们为之倾倒
0,然而小偷偷走了他一袋感冒药……
0,至少造成14人死亡80多人受伤
0,真的是很少在电脑上登过QQ
0,顺便吐槽小米手环7/29的1万步没同步成功导致姐断档了差评
0,"我在看""保和丸、山楂丸、肥儿丸：宝宝内热可用中药丸调理"""
0,带孩子出门旅游就是在行走中体验观察交通
0,8月1日是郑州今年首次分配公租房第一天
0,以前在苏州一般都是默认圆通快递
0,销往苏州的两批产品全部为过期食品
0,NickBonner说：“虽然朝鲜艺术目前还没有什么收藏性
0,津巴布韦相中人民币真相：或成中国沉重负担
0,以前买过的防晒涂好都黏黏的
0,5、物业：本小区物业是小区自己的物业
0,同事去浙江西塘happy带回来的小礼物
0,U盘跟移动硬盘的结合巧妙的在一个漂亮的冰淇淋上面实现了
0,x万名残疾人进行职业培训”作为全省十大民生实事工程之一予以推进
0,一个新类型产品许多人都是从质疑然后尝试到接受到现在的热爱因为品质会打消所有顾虑
1,喜讯…喜讯…名媛美容正式加入“中国健康养生同盟会”啦！艾灸健康养生传天下，不花钱乐分享签约火爆进行中！美丽热线:xxxxxxxxxxx
0,x号台风灿鸿预计xx日晚至xx日在我省登陆
0,该车采用了来自NovitecRosso碳纤维车身套件以及扩散器
0,结果回来就被大雨截在商业街
0,现在她的孩子溺水19小时过去了
0,昨天微软push了win10到laptop上
0,原审法院判决安贞医院赔偿陈女士医疗费、供体费、住院伙食
0,简介：　　小说花千骨简介：这世上她最
1,亲爱的顾客们，x月x号妇女节来临，无论男女顾客，考虑到当天人太多，现在开始有需要的朋友可以来兑换啦，本品牌免折旧费，外品牌折旧费xx元，欢迎新老顾客的光临…
0,難道是bigbig的下一代小小
0,在國外連續居住超過五年的本國公民不可以享有投票權
0,医生说你这叫“智齿冠周炎”
0,今年xx岁的他是一家社交媒体的经理
0,澳大利亚陆军坦克部队培训中心正在进行学员战术培训演练
0,菊叶蛋汤很清补江苏省中医院营养科营养师汪燕：夏天贪凉食易伤脾胃
0,一下子说出我车的保险到期日子
1,你好！我是乔辉服饰＜安芝萱＞ 原义乌商贸城四区xx号门七街xxxxx现迁至＜xx号门三街xxxxx＞ 新款多多，欢迎新老客户光临！祝大家生意兴隆！财源广进！
0,上海市杨浦区长白三村88号202室董玲娘又是上海知青的关系网一再犯法
0,对东井村3号20幢压到高压线的树枝进行了处理
0,『盐城师范学院：听抗战老战士讲中国好故事』
0,可以到外国人士常去的PUB转转
0,最新BC祛皱嫩肤胶原精华/再生美肌精华9ml
0,我正在手机用户民生源的主页
0,启东气象台8月7日下午发布：今天夜里到明天多云转阴有阵雨或雷雨
0,Gx京沪高速由北京往上海方向苏州段xxxxK附近事故处理结束
0,画眉网产业链平台美容院系列软件
0,此时新松机器人自动化股份有限公司宣传片引入眼前
0,我打开电脑看了家乡的一则新闻
0,将湖州说成了福州…via东南网
0,不像自己朋友圈Somebody虽然消息给你回复着“已投”
0,今期8月10公布的买家秀礼物是果冻包一个噢
0,话音刚落就拿出手机“咔嚓咔嚓”几声
0,江苏卫视的配音也是日了狗了
0,今天早上去王建湘医生那看了说是有些消化不良
0,为何福建省龙岩地区的医疗保险没报销有一个多月了
0,百度完B1A4我就喜欢上郑真英了
0,现在热映的花千骨好多人喜欢子画·杀阡陌之类的
0,此时祛除装修污染变得尤为重要
0,金融邦青少年财商特训营第一天
0,一直以为IDE都是一帮傻逼设计的
0,温馨提示：xxxx年度三门峡市居民参加城镇居民基本医疗保险业务开始办理
0,亚洲IT产业巨头阿里巴巴集团创始人马云到访俄罗斯图瓦该共和国并与当地青年见面
0,细胞活性是普通柠檬的数十倍
0,青云桥上桥处从左数第二车道左边有深坑
0,也不愿真相就此被掩埋于冠冕堂皇的谎言之下
0,白子画宁负花千骨绝不负天下人
0,一下子被正常行驶的汽车撞倒了
0,南宁一心医药阳光新城店虎标和竟品
0,环境公益诉讼“难度大”：700多组织仅7起起诉
0,山东跟浙江的最大区别是：杭州的酒店一个房间一个wifi
0,我尼玛一整天都被专车司机坑啊
0,xx度的天东跑跑西看看也是蛮醉的
0,xi手机全方位详细讲解进行时
0,ToMe：不要等到万事具备的时候才开始
0,我市姜堰区利用1个多月的时间超额完成了绿化提档升级“122333”工程
0,一架援华助战的美军B24被击落
0,之所以对长安CS35驾乘体验如此充满自信
0,x理财xxxx方案：家庭收入的xx%用于储蓄、xx%用于衣食住行、xx%用于投资、xx%用于保险…
1,x日止。xx平米精装全包xxxxx元，可至现场参观样板房。咨询热线：xxxxxxxx 维朗装饰
0,你开玩笑对浓眉来说打球当然是努力最重要了他最不缺就是天赋普通人光靠努力打到nba可能吗Nike就喜欢灌点鸡汤
0,但是诉讼期间她不敢拒绝探视希望基层法官帮忙拉长诉讼周期让我和孩子多聚下
0,又一位分析师抨击了这款手机
0,图六到图八是有暗格的、可以放重要的物品、防止被盗窃
0,其上面标有中文和马来西亚文
0,这次又一个医生阿姨只是路过
0,花千骨说：我只愿在师父身边
0,此次改装仅针对Polo的车身和内饰
0,媒体披露那么多王林的违法犯罪事实
0,中国中铁sh601390
0,由亿万富翁激进投资者WilliamAckman执掌的对冲基金Pershin
0,社区用药报销范围增加xxxx多个品规
0,单说杀阡陌为了花千骨杀尽天下人这一行为
0,twimezashi002伊奈帆斯雷因的大逆転裁判paro
0,到上一级检察院选任人民监督员等
0,关于两英女孩嫁海门惨遭家暴之后
0,美国Amazon购买$50礼品卡部分用户送$10promotionalcredit
0,一年中这是最好的调理疾病的好时候
0,我镇强力推进“3+2+2”专项打击整治行动
0,~热推~全球最好的祛疤膏
